Workbook

Sheet %Cost vs Budget
A1: Partner | B1: Used of Budget
A2: GOT | B2: 20.498143
A3: MNU | B3: 29.334355
A4: SCA | B4: 22.228008
A5: FOC | B5: 23.329146
A6: CLTV | B6: 15.344396
A7: MAI | B7: 10.421054
A8: BIN | B8: 7.6098034
A9: IOC | B9: 6.7956784
A10: HIE | B10: 22.468177
A11: BAL | B11: 45.780785
A12: MEERI | B12: 23.913983
A13: MCN | B13: 11.289715
A14: CKR | B14: 33.117715

Sheet WP Cost VS Budget
B23: Task/WP | C23: TOTAL COST | D23: TOTAL BUDGET
B24: WP1 | C24: =SUM('Direct &Indirect Personnal Cost'!C7) -> 107552.18 | D24: =SUM('Direct &Indirect Personnal Cost'!E7) -> 226991.17
B25: T1.1 | C25: =SUM('Direct &Indirect Personnal Cost'!C8) -> 41951.054 | D25: =SUM('Direct &Indirect Personnal Cost'!E8) -> 88440.74
B26: T1.2 | C26: =SUM('Direct &Indirect Personnal Cost'!C9) -> 30527.424 | D26: =SUM('Direct &Indirect Personnal Cost'!E9) -> 53116.01
B27: T1.3 | C27: =SUM('Direct &Indirect Personnal Cost'!C10) -> 31448.39 | D27: =SUM('Direct &Indirect Personnal Cost'!E10) -> 85434.42
B38: Task/WP | C38: TOTAL COST | D38: TOTAL BUDGET
B39: WP2 | C39: =SUM('Direct &Indirect Personnal Cost'!C11) -> 67975.266 | D39: =SUM('Direct &Indirect Personnal Cost'!E11) -> 153493.81
B40: T2.1 | C40: =SUM('Direct &Indirect Personnal Cost'!C12) -> 19638.134 | D40: =SUM('Direct &Indirect Personnal Cost'!E12) -> 67887.51
B41: T2.2 | C41: =SUM('Direct &Indirect Personnal Cost'!C13) -> 5204.3416 | D41: =SUM('Direct &Indirect Personnal Cost'!E13) -> 3343.75
B42: T2.3 | C42: =SUM('Direct &Indirect Personnal Cost'!C14) -> 10843.042 | D42: =SUM('Direct &Indirect Personnal Cost'!E14) -> 12525
B43: T2.4 | C43: =SUM('Direct &Indirect Personnal Cost'!C15) -> 32340.659 | D43: =SUM('Direct &Indirect Personnal Cost'!E15) -> 69737.55
B53: Task/WP | C53: TOTAL COST | D53: TOTAL BUDGET
B54: WP3 | C54: =SUM('Direct &Indirect Personnal Cost'!C16) -> 84518.515 | D54: =SUM('Direct &Indirect Personnal Cost'!E16) -> 434125.12
B55: T3.1 | C55: =SUM('Direct &Indirect Personnal Cost'!C17) -> 47272.495 | D55: =SUM('Direct &Indirect Personnal Cost'!E17) -> 68475.03
B56: T3.2 | C56: =SUM('Direct &Indirect Personnal Cost'!C18) -> 14726.043 | D56: =SUM('Direct &Indirect Personnal Cost'!E18) -> 18562.5
B57: T3.3 | C57: =SUM('Direct &Indirect Personnal Cost'!C19) -> 15885.025 | D57: =SUM('Direct &Indirect Personnal Cost'!E19) -> 121637.57
B58: T3.4 | C58: =SUM('Direct &Indirect Personnal Cost'!C20) -> 0 | D58: =SUM('Direct &Indirect Personnal Cost'!E20) -> 26750
B59: T3.5 | C59: =SUM('Direct &Indirect Personnal Cost'!C21) -> 0 | D59: =SUM('Direct &Indirect Personnal Cost'!E21) -> 26750
B60: T3.6 | C60: =SUM('Direct &Indirect Personnal Cost'!C22) -> 6187.5 | D60: =SUM('Direct &Indirect Personnal Cost'!E22) -> 171950.02
B68: Task/WP | C68: TOTAL COST | D68: TOTAL BUDGET
B69: WP4 | C69: =SUM('Direct &Indirect Personnal Cost'!C23) -> 21952.603 | D69: =SUM('Direct &Indirect Personnal Cost'!E23) -> 700689.32
B70: T4.1 | C70: =SUM('Direct &Indirect Personnal Cost'!C24) -> 8347.2261 | D70: =SUM('Direct &Indirect Personnal Cost'!E24) -> 24218.75
B71: T4.2 | C71: =SUM('Direct &Indirect Personnal Cost'!C25) -> 5371.85 | D71: =SUM('Direct &Indirect Personnal Cost'!E25) -> 169499.08
B72: T4.3 | C72: =SUM('Direct &Indirect Personnal Cost'!C26) -> 326.75 | D72: =SUM('Direct &Indirect Personnal Cost'!E26) -> 113875.05
B73: T4.4 | C73: =SUM('Direct &Indirect Personnal Cost'!C27) -> 0 | D73: =SUM('Direct &Indirect Personnal Cost'!E27) -> 70268.81
B74: T4.5 | C74: =SUM('Direct &Indirect Personnal Cost'!C28) -> 359.90748 | D74: =SUM('Direct &Indirect Personnal Cost'!E28) -> 114196.76
B75: T4.6 | C75: =SUM('Direct &Indirect Personnal Cost'!C29) -> 230.555 | D75: =SUM('Direct &Indirect Personnal Cost'!E29) -> 6925
B76: T4.7 | C76: =SUM('Direct &Indirect Personnal Cost'!C30) -> 798.075 | D76: =SUM('Direct &Indirect Personnal Cost'!E30) -> 54018.33
B77: T4.8 | C77: =SUM('Direct &Indirect Personnal Cost'!C31) -> 595.19468 | D77: =SUM('Direct &Indirect Personnal Cost'!E31) -> 53087.47
B78: T4.9 | C78: =SUM('Direct &Indirect Personnal Cost'!C32) -> 5748.05 | D78: =SUM('Direct &Indirect Personnal Cost'!E32) -> 94600.07
B83: Task/WP | C83: TOTAL COST | D83: TOTAL BUDGET
B84: WP5 | C84: =SUM('Direct &Indirect Personnal Cost'!C33) -> 42546.324 | D84: =SUM('Direct &Indirect Personnal Cost'!E33) -> 148095.23
B85: T5.1 | C85: =SUM('Direct &Indirect Personnal Cost'!C34) -> 40961.187 | D85: =SUM('Direct &Indirect Personnal Cost'!E34) -> 55221.35
B86: T5.2 | C86: =SUM('Direct &Indirect Personnal Cost'!C35) -> 771.5 | D86: =SUM('Direct &Indirect Personnal Cost'!E35) -> 55221.35
B87: T5.3 | C87: =SUM('Direct &Indirect Personnal Cost'!C36) -> 796.20625 | D87: =SUM('Direct &Indirect Personnal Cost'!E36) -> 37652.53
B98: Task/WP | C98: TOTAL COST | D98: TOTAL BUDGET
B99: WP6 | C99: =SUM('Direct &Indirect Personnal Cost'!C37) -> 56508.95 | D99: =SUM('Direct &Indirect Personnal Cost'!E37) -> 231218.95
B100: T6.1 | C100: =SUM('Direct &Indirect Personnal Cost'!C38) -> 39463.093 | D100: =SUM('Direct &Indirect Personnal Cost'!E38) -> 55825.06
B101: T6.2 | C101: =SUM('Direct &Indirect Personnal Cost'!C39) -> 10860.063 | D101: =SUM('Direct &Indirect Personnal Cost'!E39) -> 108168.84
B102: T6.3 | C102: =SUM('Direct &Indirect Personnal Cost'!C40) -> 1066.5956 | D102: =SUM('Direct &Indirect Personnal Cost'!E40) -> 67225.05
B113: Task/WP | C113: TOTAL COST | D113: TOTAL BUDGET
B114: WP7 | C114: =SUM('Direct &Indirect Personnal Cost'!C41) -> 116025.33 | D114: =SUM('Direct &Indirect Personnal Cost'!E41) -> 214000
B115: T7.1 | C115: =SUM('Direct &Indirect Personnal Cost'!C42) -> 42675.264 | D115: =SUM('Direct &Indirect Personnal Cost'!E42) -> 147125
B116: T7.2 | C116: =SUM('Direct &Indirect Personnal Cost'!C43) -> 50402.562 | D116: =SUM('Direct &Indirect Personnal Cost'!E43) -> 46812.5
B117: T7.3 | C117: =SUM('Direct &Indirect Personnal Cost'!C44) -> 22855.607 | D117: =SUM('Direct &Indirect Personnal Cost'!E44) -> 20062.5

Sheet Direct &Indirect Personnal Cost
A2: ALL DIRECT & INDIRECT COST CALCULATIONS PER PARTNER
A3: TOTAL BUDGET IS NOT EQUAL TO EC CONTRIBUTION DUE TO THE SME PARTNERS
A4: 70%.
A5: GreenOfshoreTech TOTAL (Period M1 to M9) | B5: Task/ WP | C5: TOTAL COST | D5: Other Dir. Cost Budget | E5: TOTAL BUDGET | F5: % spend | G5: MNU COST | H5: Other Dir. Cost Budget | I5: MNU BUDGET | J5: % spend | K5: SCA COST | L5: Other Dir. Cost Budget | M5: SCA BUDGET | N5: % spend | O5: FOC COST | P5: Other Dir. Cost Budget | Q5: FOC BUDGET | R5: % spend | S5: CTLV COST | T5: Other Dir. Cost Budget | U5: CTLV BUDGET | V5: % spend | W5: MAI COST | X5: Other Dir. Cost | Y5: MAI BUDGET | Z5: % spend | AA5: BIN COST | AB5: Other Dir. Cost | AC5: BIN BUDGET | AD5: % spend | AE5: IOC COST | AF5: Other Dir. Cost | AG5: IOC BUDGET | AH5: % spend | AI5: HIE COST | AJ5: Other Dir. Cost | AK5: HIE BUDGET | AL5: % spend | AM5: BAL COST | AN5: Other Dir. Cost | AO5: BAL BUDGET | AP5: % spend | AQ5: MEERI COST | AR5: Other Dir. Cost | AS5: MEERI BUDGET | AT5: % spend | AU5: MCN COST | AV5: Other Dir. Cost | AW5: MCN BUDGET | AX5: % spend | AY5: CKR COST | AZ5: Other Dir. Cost | BA5: CKR BUDGET | BB5: % spend
A6: Otherdirect Cost ( travel, equipment & Other goods and services)(ODC) | B6: ODC | C6: 0 | E6: =SUM(I6+M6+Q6+U6+Y6+AC6+AG6+AK6+AO6+AS6+AW6+BA6) -> 343929 | F6: =100/E6*C6 -> 0 | G6: 0 | I6: 39500 | J6: =100/I6*G6 -> 0 | K6: 0 | M6: 20750 | N6: =100/M6*K6 -> 0 | O6: 0 | Q6: 42500 | R6: =100/Q6*O6 -> 0 | S6: 0 | U6: 20750 | V6: =100/U6*S6 -> 0 | W6: =SUM(MAI!D6) -> 0 | Y6: 20750 | Z6: =100/Y6*W6 -> 0 | AA6: 0 | AC6: 56429 | AD6: =100/AC6*AA6 -> 0 | AE6: =SUM(IOC!K9) -> 0 | AG6: 20750 | AH6: =100/AG6*AE6 -> 0 | AI6: =SUM(HIE!L9) -> 5763.75 | AK6: 20750 | AL6: =100/AK6*AI6 -> 27.777108 | AM6: 0 | AO6: =SUM(BAL!Q1*BAL!$S$1) -> 20750 | AP6: =100/AO6*AM6 -> 0 | AQ6: 0 | AS6: =SUM(MEERI!M1*MEERI!$O$1) -> 20750 | AT6: =100/AS6*AQ6 -> 0 | AU6: 0 | AW6: =SUM(MCN!V1*MCN!$T$1) -> 39500 | AX6: =100/AW6*AU6 -> 0 | AY6: 0 | BA6: 20750 | BB6: =100/BA6*AY6 -> 0
A7: Assessment of potential new value chains and selection of Topics for Call of Proposals | B7: WP1 | C7: =SUM(G7+K7+O7+S7+W7+AA7+AE7+AI7+AM7+AQ7+AU7+AY7) -> 107552.18 | D7: =SUM(H7+L7+P7+T7+X7+AB7+AF7+AJ7+AN7+AR7+AV7+AZ7) -> 31600 | E7: =SUM(I7+M7+Q7+U7+Y7+AC7+AG7+AG7+AK7+AO7+AS7+AW7+BA7) -> 226991.17 | F7: =100/E7*C7 -> 47.381657 | G7: {=MNU!C7:C45} -> 8024.875 | H7: =SUM(H8:H10) -> 31600 | I7: =SUM(I8:I10) -> 20062.5 | J7: =100/I7*G7 -> 39.999377 | K7: {=SCA!D8:D46} -> 13497.165 | L7: =SUM(L8:L10) -> 0 | M7: =SUM(M8:M10) -> 11712.46 | N7: =100/M7*K7 -> 115.23766 | O7: {=FOC!D8:D46} -> 1875.625 | P7: =SUM(P8:P10) -> 0 | Q7: =SUM(Q8:Q10) -> 7790.62 | R7: =100/Q7*O7 -> 24.075427 | S7: {=CLTV!I10:I48} -> 6823.4177 | T7: =SUM(T8:T10) -> 0 | U7: =SUM(U8:U10) -> 10546.88 | V7: =100/U7*S7 -> 64.696078 | W7: =SUM(MAI!D7) -> 12627.337 | X7: =SUM(X8:X10) -> 0 | Y7: =SUM(Y8:Y10) -> 31484.38 | Z7: =100/Y7*W7 -> 40.106674 | AA7: {=BIN!C8:C46} -> 16250.922 | AB7: =SUM(AB8:AB10) -> 0 | AC7: =SUM(AC8:AC10) -> 36562.5 | AD7: =100/AC7*AA7 -> 44.446966 | AE7: =SUM(IOC!K10) -> 2402.5312 | AF7: =SUM(AF8:AF10) -> 0 | AG7: =SUM(AG8:AG10) -> 17306.54 | AH7: =100/AG7*AE7 -> 13.882216 | AI7: =SUM(HIE!L10) -> 12255.246 | AJ7: =SUM(AJ8:AJ10) -> 0 | AK7: =SUM(AK8:AK10) -> 23906.25 | AL7: =100/AK7*AI7 -> 51.263774 | AM7: {=BAL!G9:G47} -> 13402.888 | AN7: =SUM(AN8:AN10) -> 0 | AO7: =SUM(AO8:AO10) -> 12375 | AP7: =100/AO7*AM7 -> 108.30616 | AQ7: {=MEERI!G10:G48} -> 8319.05 | AR7: =SUM(AR8:AR10) -> 0 | AS7: =SUM(AS8:AS10) -> 13406.25 | AT7: =100/AS7*AQ7 -> 62.05352 | AU7: {=MCN!C7:C45} -> 7696.99 | AV7: =SUM(AV8:AV10) -> 0 | AW7: =SUM(AW8:AW10) -> 10312.5 | AX7: =100/AW7*AU7 -> 74.637479 | AY7: ='CKR '!C6 -> 4376.13 | AZ7: =SUM(AZ8:AZ10) -> 0 | BA7: =SUM(BA8:BA10) -> 14218.75 | BB7: =100/BA7*AY7 -> 30.777178
A8: Sustainable challenges, needs and trends of four industrial offshore sectors | B8: T1.1 | C8: =SUM(G8+K8+O8+S8+W8+AA8+AE8+AI8+AM8+AQ8+AU8+AY8) -> 41951.054 | D8: =SUM(H8+L8+P8+T8+X8+AB8+AF8+AJ8+AN8+AR8+AV8+AZ8) -> 31600 | E8: =SUM(I8+M8+Q8+U8+Y8+AC8+AG8+AG8+AK8+AO8+AS8+AW8+BA8) -> 88440.74 | F8: =100/E8*C8 -> 47.434083 | G8: 3265.9375 | H8: 31600 | I8: 13375 | J8: =100/I8*G8 -> 24.418224 | K8: 6648.4552 | M8: 5856.22 | N8: =100/M8*K8 -> 113.5281 | O8: 780.13 | Q8: 3462.5 | R8: =100/Q8*O8 -> 22.53083 | S8: 508.68068 | U8: 4687.5 | V8: =100/U8*S8 -> 10.851855 | W8: =SUM(MAI!D8) -> 0 | Y8: 2421.88 | Z8: =100/Y8*W8 -> 0 | AA8: 3222.6188 | AC8: 2812.5 | AD8: =100/AC8*AA8 -> 114.582 | AE8: =SUM(IOC!K11) -> 310.53125 | AG8: 11537.57 | AH8: =100/AG8*AE8 -> 2.6914788 | AI8: =SUM(HIE!L11) -> 11586.268 | AK8: 18593.75 | AL8: =100/AK8*AI8 -> 62.312701 | AM8: 7215.3875 | AO8: 6187.5 | AP8: =100/AO8*AM8 -> 116.61232 | AQ8: 307.44 | AS8: 0 | AT8: =100/AS8*AQ8 -> #DIV/0! | AU8: 6508.745 | AW8: 6875 | AX8: =100/AW8*AU8 -> 94.672655 | AY8: ='CKR '!C7 -> 1596.86 | BA8: 1093.75 | BB8: =100/BA8*AY8 -> 145.99863
A9: Assessment of emerging technology trends and solutions | B9: T1.2 | C9: =SUM(G9+K9+O9+S9+W9+AA9+AE9+AI9+AM9+AQ9+AU9+AY9) -> 30527.424 | D9: =SUM(H9+L9+P9+T9+X9+AB9+AF9+AJ9+AN9+AR9+AV9+AZ9) -> 0 | E9: =SUM(I9+M9+Q9+U9+Y9+AC9+AG9+AG9+AK9+AO9+AS9+AW9+BA9) -> 53116.01 | F9: =100/E9*C9 -> 57.473112 | G9: 1399.6875 | I9: 3343.75 | J9: =100/I9*G9 -> 41.859813 | K9: 3484.4313 | M9: 2928.12 | N9: =100/M9*K9 -> 118.99893 | O9: 194.2 | Q9: 865.62 | R9: =100/Q9*O9 -> 22.434787 | S9: 2541.4263 | U9: 1171.88 | V9: =100/U9*S9 -> 216.86745 | W9: =SUM(MAI!D9) -> 5070.8375 | Y9: 9687.5 | Z9: =100/Y9*W9 -> 52.344129 | AA9: 7450.025 | AC9: 11250 | AD9: =100/AC9*AA9 -> 66.222444 | AE9: =SUM(IOC!K12) -> 1470.9375 | AG9: 2884.57 | AH9: =100/AG9*AE9 -> 50.993302 | AI9: =SUM(HIE!L12) -> 411.67883 | AK9: 2656.25 | AL9: =100/AK9*AI9 -> 15.498497 | AM9: 3093.75 | AO9: 3093.75 | AP9: =100/AO9*AM9 -> 100 | AQ9: 4060.45 | AS9: 6256.25 | AT9: =100/AS9*AQ9 -> 64.902298 | AU9: 0 | AW9: 1718.75 | AX9: =100/AW9*AU9 -> 0 | AY9: ='CKR '!C8 -> 1350 | BA9: 4375 | BB9: =100/BA9*AY9 -> 30.857143
A10: Potential new value chains and selection of Call Topics | B10: T1.3 | C10: =SUM(G10+K10+O10+S10+W10+AA10+AE10+AI10+AM10+AQ10+AU10+AY10) -> 31448.39 | D10: =SUM(H10+L10+P10+T10+X10+AB10+AF10+AJ10+AN10+AR10+AV10+AZ10) -> 0 | E10: =SUM(I9+M10+Q10+U10+Y10+AC10+AG10+AG10+AK10+AO10+AS10+AW10+BA10) -> 85434.42 | F10: =100/E10*C10 -> 36.809976 | G10: 3359.25 | I10: 3343.75 | J10: =100/I10*G10 -> 100.46355 | K10: 3364.2785 | M10: 2928.12 | N10: =100/M10*K10 -> 114.89551 | O10: 526.17 | Q10: 3462.5 | R10: =100/Q10*O10 -> 15.196245 | S10: 3773.3108 | U10: 4687.5 | V10: =100/U10*S10 -> 80.497296 | W10: =SUM(MAI!D10) -> 7556.5 | Y10: 19375 | Z10: =100/Y10*W10 -> 39.00129 | AA10: 2328.0938 | AC10: 22500 | AD10: =100/AC10*AA10 -> 10.347083 | AE10: =SUM(IOC!K13) -> 621.0625 | AG10: 2884.4 | AH10: =100/AG10*AE10 -> 21.531774 | AI10: =SUM(HIE!L13) -> 257.29927 | AK10: 2656.25 | AL10: =100/AK10*AI10 -> 9.6865606 | AM10: 3093.75 | AO10: 3093.75 | AP10: =100/AO10*AM10 -> 100 | AQ10: 3951.16 | AS10: 7150 | AT10: =100/AS10*AQ10 -> 55.260979 | AU10: 1188.245 | AW10: 1718.75 | AX10: =100/AW10*AU10 -> 69.134255 | AY10: ='CKR '!C9 -> 1429.27 | BA10: 8750 | BB10: =100/BA10*AY10 -> 16.334514
A11: Methodologies and tools for cross-sectoral/-border collaboration and technology transfer | B11: WP2 | C11: =SUM(G11+K11+O11+S11+W11+AA11+AE11+AI11+AM11+AQ11+AU11+AY11) -> 67975.266 | D11: =SUM(H11+L11+P11+T11+X11+AB11+AF11+AJ11+AN11+AR11+AV11+AZ11) -> 0 | E11: =SUM(I11+M11+Q11+U11+Y11+AC11+AG11+AG11+AK11+AO11+AS11+AW11+BA11) -> 153493.81 | F11: =100/E11*C11 -> 44.285347 | G11: 5346.8063 | H11: =SUM(H12:H15) -> 0 | I11: =SUM(I12:I15) -> 6687.5 | J11: =100/I11*G11 -> 79.952243 | K11: 3123.9729 | L11: =SUM(L12:L15) -> 0 | M11: =SUM(M12:M15) -> 5856.22 | N11: =100/M11*K11 -> 53.344528 | O11: 174.2875 | P11: =SUM(P12:P15) -> 0 | Q11: =SUM(Q12:Q15) -> 8656.24 | R11: =100/Q11*O11 -> 2.0134319 | S11: 3711.9305 | T11: =SUM(T12:T15) -> 0 | U11: =SUM(U12:U15) -> 11718.76 | V11: =100/U11*S11 -> 31.675113 | W11: =SUM(MAI!D11) -> 0 | X11: =SUM(X12:X15) -> 0 | Y11: =SUM(Y12:Y15) -> 4843.76 | Z11: =100/Y11*W11 -> 0 | AA11: 816.875 | AB11: =SUM(AB12:AB15) -> 0 | AC11: =SUM(AC12:AC15) -> 5625 | AD11: =100/AC11*AA11 -> 14.522222 | AE11: =SUM(IOC!K14) -> 555.6875 | AF11: =SUM(AF12:AF15) -> 0 | AG11: =SUM(AG12:AG15) -> 5768.79 | AH11: =100/AG11*AE11 -> 9.6326526 | AI11: =SUM(HIE!L14) -> 15281.059 | AJ11: =SUM(AJ12:AJ15) -> 0 | AK11: =SUM(AK12:AK15) -> 37187.5 | AL11: =100/AK11*AI11 -> 41.091923 | AM11: 30049.188 | AN11: =SUM(AN12:AN15) -> 0 | AO11: =SUM(AO12:AO15) -> 47406.25 | AP11: =100/AO11*AM11 -> 63.386552 | AQ11: 1776.61 | AR11: =SUM(AR12:AR15) -> 0 | AS11: =SUM(AS12:AS15) -> 1787.5 | AT11: =100/AS11*AQ11 -> 99.390769 | AU11: 565.24 | AV11: =SUM(AV12:AV15) -> 0 | AW11: =SUM(AW12:AW15) -> 3437.5 | AX11: =100/AW11*AU11 -> 16.443345 | AY11: ='CKR '!C10 -> 6573.6097 | AZ11: =SUM(AZ12:AZ15) -> 0 | BA11: =SUM(BA12:BA15) -> 8750 | BB11: =100/BA11*AY11 -> 75.126968
A12: Methologies and tools for cross-sectoral/-border collaboration and technology transfer | B12: T2.1 | C12: =SUM(G12+K12+O12+S12+W12+AA12+AE12+AI12+AM12+AQ12+AU12+AY12) -> 19638.134 | D12: =SUM(H12+L12+P12+T12+X12+AB12+AF12+AJ12+AN12+AR12+AV12+AZ12) -> 0 | E12: =SUM(I12+M12+Q12+U12+Y12+AC12+AG12+AG12+AK12+AO12+AS12+AW12+BA12) -> 67887.51 | F12: =100/E12*C12 -> 28.927462 | G12: 1306.375 | I12: 3343.75 | J12: =100/I12*G12 -> 39.069159 | K12: 40.050935 | M12: 2928.1 | N12: =100/M12*K12 -> 1.3678131 | O12: 0 | Q12: 4328.12 | R12: =100/Q12*O12 -> 0 | S12: 1816.2619 | U12: 5859.38 | V12: =100/U12*S12 -> 30.997511 | W12: =SUM(MAI!D12) -> 0 | Y12: 2421.88 | Z12: =100/Y12*W12 -> 0 | AA12: 163.375 | AC12: 2812.5 | AD12: =100/AC12*AA12 -> 5.8088889 | AE12: =SUM(IOC!K15) -> 0 | AG12: 2884.39 | AH12: =100/AG12*AE13 -> 0 | AI12: =SUM(HIE!L15) -> 14637.811 | AK12: 34531.25 | AL12: =100/AK12*AI12 -> 42.390041 | AM12: 0 | AO12: 0 | AP12: =100/AO12*AM12 -> #DIV/0! | AQ12: 1115.02 | AS12: 893.75 | AT12: =100/AS12*AQ12 -> 124.75748 | AU12: 559.24 | AW12: 1718.75 | AX12: =100/AW12*AU12 -> 32.5376 | AY12: ='CKR '!C11 -> 0 | BA12: 3281.25 | BB12: =100/BA12*AY12 -> 0
A13: Establishment of a Collaborative Virtual Environment | B13: T2.2 | C13: =SUM(G13+K13+O13+S13+W13+AA13+AE13+AI13+AM13+AQ13+AU13+AY13) -> 5204.3416 | D13: =SUM(H13+L13+P13+T13+X13+AB13+AF13+AJ13+AN13+AR13+AV13+AZ13) -> 0 | E13: =SUM(I13+M13+Q13+U13+Y13+AC13+AG13+AG13+AK13+AO13+AS13+AW13+BA13) -> 3343.75 | F13: =100/E13*C13 -> 155.64386 | G13: 4040.4313 | I13: 3343.75 | J13: =100/I13*G13 -> 120.83533 | K13: 520.66216 | M13: 0 | N13: =100/M13*K13 -> #DIV/0! | O13: 0 | Q13: 0 | R13: =100/Q13*O13 -> #DIV/0! | S13: 0 | U13: 0 | V13: =100/U13*S13 -> #DIV/0! | W13: =SUM(MAI!D13) -> 0 | Y13: 0 | Z13: =100/Y13*W13 -> #DIV/0! | AA13: 0 | AC13: 0 | AD13: =100/AC13*AA13 -> #DIV/0! | AE13: =SUM(IOC!K16) -> 0 | AG13: 0 | AH13: =100/AG13*#REF! -> #DIV/0! | AI13: =SUM(HIE!L16) -> 643.24817 | AK13: 0 | AL13: =100/AK13*AI13 -> #DIV/0! | AM13: 0 | AO13: 0 | AP13: =100/AO13*AM13 -> #DIV/0! | AQ13: 0 | AS13: 0 | AT13: =100/AS13*AQ13 -> #DIV/0! | AU13: 0 | AW13: 0 | AX13: =100/AW13*AU13 -> #DIV/0! | AY13: ='CKR '!C12 -> 0 | BA13: 0 | BB13: =100/BA13*AY13 -> #DIV/0!
A14: Establishment of a Survey tool | B14: T2.3 | C14: =SUM(G14+K14+O14+S14+W14+AA14+AE14+AI14+AM14+AQ14+AU14+AY14) -> 10843.042 | D14: =SUM(H14+L14+P14+T14+X14+AB14+AF14+AJ14+AN14+AR14+AV14+AZ14) -> 0 | E14: =SUM(I14+M14+Q14+U14+Y14+AC14+AG14+AG14+AK14+AO14+AS14+AW14+BA14) -> 12525 | F14: =100/E14*C14 -> 86.571193 | G14: 0 | I14: 0 | J14: =100/I14*G14 -> #DIV/0! | K14: 1321.6809 | M14: 0 | N14: =100/M14*K14 -> #DIV/0! | O14: 139.43 | Q14: 3462.5 | R14: =100/Q14*O14 -> 4.0268592 | S14: 1895.6686 | U14: 4687.5 | V14: =100/U14*S14 -> 40.440929 | W14: =SUM(MAI!D14) -> 0 | Y14: 0 | Z14: =100/Y14*W14 -> #DIV/0! | AA14: 245.0625 | AC14: 0 | AD14: =100/AC14*AA14 -> #DIV/0! | AE14: =SUM(IOC!K17) -> 0 | AG14: 0 | AH14: =100/AG14*AE14 -> #DIV/0! | AI14: =SUM(HIE!L17) -> 0 | AK14: 0 | AL14: =100/AK14*AI14 -> #DIV/0! | AM14: 0 | AO14: 0 | AP14: =100/AO14*AM14 -> #DIV/0! | AQ14: 661.59 | AS14: 0 | AT14: =100/AS14*AQ14 -> #DIV/0! | AU14: 6 | AW14: 0 | AX14: =100/AW14*AU14 -> #DIV/0! | AY14: ='CKR '!C13 -> 6573.61 | BA14: 4375 | BB14: =100/BA14*AY14 -> 150.25394
A15: Establishment of the GreenOffshoreTech Cluster Collaboration Platform | B15: T2.4 | C15: =SUM(G15+K15+O15+S15+W15+AA15+AE15+AI15+AM15+AQ15+AU15+AY15) -> 32340.659 | D15: =SUM(H15+L15+P15+T15+X15+AB15+AF15+AJ15+AN15+AR15+AV15+AZ15) -> 0 | E15: =SUM(I15+M15+Q15+U15+Y15+AC15+AG15+AG15+AK15+AO15+AS15+AW15+BA15) -> 69737.55 | F15: =100/E15*C15 -> 46.374814 | G15: 0 | I15: 0 | J15: =100/I15*G15 -> #DIV/0! | K15: 1241.579 | M15: 2928.12 | N15: =100/M15*K15 -> 42.401916 | O15: 0 | Q15: 865.62 | R15: =100/Q15*O15 -> 0 | S15: 249.14268 | U15: 1171.88 | V15: =100/U15*S15 -> 21.260085 | W15: =SUM(MAI!D15) -> 0 | Y15: 2421.88 | Z15: =100/Y15*W15 -> 0 | AA15: 245.0625 | AC15: 2812.5 | AD15: =100/AC15*AA15 -> 8.7133333 | AE15: =SUM(IOC!K18) -> 555.6875 | AG15: 2884.4 | AH15: =100/AG15*AE15 -> 19.265272 | AI15: =SUM(HIE!L18) -> 0 | AK15: 2656.25 | AL15: =100/AK15*AI15 -> 0 | AM15: 30049.188 | AO15: 47406.25 | AP15: =100/AO15*AM15 -> 63.386552 | AQ15: 0 | AS15: 893.75 | AT15: =100/AS15*AQ15 -> 0 | AU15: 0 | AW15: 1718.75 | AX15: =100/AW15*AU15 -> 0 | AY15: ='CKR '!C14 -> 0 | BA15: 1093.75 | BB15: =100/BA15*AY15 -> 0
A16: Direct financial support to SMEs through a competitive Call for Proposals | B16: WP3 | C16: =SUM(G16+K16+O16+S16+W16+AA16+AE16+AI16+AM16+AQ16+AU16+AY16) -> 84518.515 | D16: =SUM(H16+L16+P16+T16+X16+AB16+AF16+AJ16+AN16+AR16+AV16+AZ16) -> 91428.57 | E16: =SUM(I16+M16+Q16+U16+Y16+AC16+AG16+AG16+AK16+AO16+AS16+AW16+BA16) -> 434125.12 | F16: =100/E16*C16 -> 19.468699 | G16: 1306.375 | H16: =SUM(H17:H22) -> 0 | I16: =SUM(I17:I22) -> 94375 | J16: =100/I16*G16 -> 1.3842384 | K16: 11374.466 | L16: =SUM(L17:L22) -> 8000 | M16: =SUM(M17:M22) -> 52706.11 | N16: =100/M16*K16 -> 21.580924 | O16: 2002.375 | P16: =SUM(P17:P22) -> 8000 | Q16: =SUM(Q17:Q22) -> 8656.25 | R16: =100/Q16*O16 -> 23.13213 | S16: 962.41046 | T16: =SUM(T17:T22) -> 8000 | U16: =SUM(U17:U22) -> 16406.25 | V16: =100/U16*S16 -> 5.8661209 | W16: =SUM(MAI!D16) -> 0 | X16: =SUM(X17:X22) -> 8000 | Y16: =SUM(Y17:Y22) -> 33906.25 | Z16: =100/Y16*W16 -> 0 | AA16: 1705.2656 | AB16: =SUM(AB17:AB22) -> 11428.57 | AC16: =SUM(AC17:AC22) -> 39375 | AD16: =100/AC16*AA16 -> 4.3308333 | AE16: =SUM(IOC!K19) -> 1307.5 | AF16: =SUM(AF17:AF22) -> 8000 | AG16: =SUM(AG17:AG22) -> 28843.88 | AH16: =100/AG16*AE16 -> 4.533024 | AI16: =SUM(HIE!L19) -> 6539.2514 | AJ16: =SUM(AJ17:AJ22) -> 8000 | AK16: =SUM(AK17:AK22) -> 26562.5 | AL16: =100/AK16*AI16 -> 24.618358 | AM16: 34570.488 | AN16: =SUM(AN17:AN22) -> 8000 | AO16: =SUM(AO17:AO22) -> 48500 | AP16: =100/AO16*AM16 -> 71.279356 | AQ16: 2131.5 | AR16: =SUM(AR17:AR22) -> 8000 | AS16: =SUM(AS17:AS22) -> 12512.5 | AT16: =100/AS16*AQ16 -> 17.034965 | AU16: 2898.055 | AV16: =SUM(AV17:AV22) -> 8000 | AW16: =SUM(AW17:AW22) -> 17187.5 | AX16: =100/AW16*AU16 -> 16.861411 | AY16: ='CKR '!C15 -> 19720.829 | AZ16: =SUM(AZ17:AZ22) -> 8000 | BA16: =SUM(BA17:BA22) -> 26250 | BB16: =100/BA16*AY16 -> 75.126968
A17: Preparation of the Call for Proposals | B17: T3.1 | C17: =SUM(G17+K17+O17+S17+W17+AA17+AE17+AI17+AM17+AQ17+AU17+AY17) -> 47272.495 | D17: =SUM(H17+L17+P17+T17+X17+AB17+AF17+AJ17+AN17+AR17+AV17+AZ17) -> 19000 | E17: =SUM(I17+M17+Q17+U17+Y17+AC17+AG17+AG17+AK17+AO17+AS17+AW17+BA17) -> 68475.03 | F17: =100/E17*C17 -> 69.036107 | G17: 559.875 | H17: 0 | I17: 6687.5 | J17: =100/I17*G17 -> 8.3719626 | K17: 10613.498 | L17: 1000 | M17: 5856.22 | N17: =100/M17*K17 -> 181.23462 | O17: 1601.9 | P17: 2000 | Q17: 1731.25 | R17: =100/Q17*O17 -> 92.52852 | S17: 962.41046 | T17: 1000 | U17: 2343.75 | V17: =100/U17*S17 -> 41.062846 | W17: =SUM(MAI!D17) -> 0 | X17: 1000 | Y17: 4843.75 | Z17: =100/Y17*W17 -> 0 | AA17: 816.875 | AB17: 2000 | AC17: 5625 | AD17: =100/AC17*AA17 -> 14.522222 | AE17: =SUM(IOC!K20) -> 1046 | AF17: 2000 | AG17: 5768.78 | AH17: =100/AG17*AE17 -> 18.132083 | AI17: =SUM(HIE!L20) -> 1628.0514 | AJ17: 2000 | AK17: 5312.5 | AL17: =100/AK17*AI17 -> 30.645674 | AM17: 6187.5 | AN17: 1000 | AO17: 6187.5 | AP17: =100/AO17*AM17 -> 100 | AQ17: 2131.5 | AR17: 2000 | AS17: 1787.5 | AT17: =100/AS17*AQ17 -> 119.24476 | AU17: 2004.055 | AV17: 2000 | AW17: 3437.5 | AX17: =100/AW17*AU17 -> 58.299782 | AY17: ='CKR '!C16 -> 19720.83 | AZ17: 3000 | BA17: 13125 | BB17: =100/BA17*AY17 -> 150.25394
A18: Publication of the Call for Proposals and Proposal reception. | B18: T3.2 | C18: =SUM(G18+K18+O18+S18+W18+AA18+AE18+AI18+AM18+AQ18+AU18+AY18) -> 14726.043 | D18: =SUM(H18+L18+P18+T18+X18+AB18+AF18+AJ18+AN18+AR18+AV18+AZ18) -> 2000 | E18: =SUM(I18+M18+Q18+U18+Y18+AC18+AG18+AG18+AK18+AO18+AS18+AW18+BA18) -> 18562.5 | F18: =100/E18*C18 -> 79.332217 | G18: 466.5625 | H18: 0 | I18: 6687.5 | J18: =100/I18*G18 -> 6.9766355 | K18: 760.96777 | M18: 0 | N18: =100/M18*K18 -> #DIV/0! | O18: 0 | Q18: 0 | R18: =100/Q18*O18 -> #DIV/0! | S18: 0 | U18: 0 | V18: =100/U18*S18 -> #DIV/0! | W18: =SUM(MAI!D18) -> 0 | Y18: 0 | Z18: =100/Y18*W18 -> #DIV/0! | AA18: 841.4125 | AC18: 0 | AD18: =100/AC18*AA18 -> #DIV/0! | AE18: =SUM(IOC!K21) -> 261.5 | AG18: 0 | AH18: =100/AG18*AE18 -> #DIV/0! | AI18: =SUM(HIE!L21) -> 4911.2 | AK18: 0 | AL18: =100/AK18*AI18 -> #DIV/0! | AM18: 7484.4 | AN18: 2000 | AO18: 11875 | AP18: =100/AO18*AM18 -> 63.026526 | AQ18: 0 | AS18: 0 | AT18: =100/AS18*AQ18 -> #DIV/0! | AU18: 0 | AW18: 0 | AX18: =100/AW18*AU18 -> #DIV/0! | AY18: ='CKR '!C17 -> 0 | BA18: 0 | BB18: =100/BA18*AY18 -> #DIV/0!
A19: Evaluation and Selection of SMEs Proposals | B19: T3.3 | C19: =SUM(G19+K19+O19+S19+W19+AA19+AE19+AI19+AM19+AQ19+AU19+AY19) -> 15885.025 | D19: =SUM(H19+L19+P19+T19+X19+AB19+AF19+AJ19+AN19+AR19+AV19+AZ19) -> 33000 | E19: =SUM(I19+M19+Q19+U19+Y19+AC19+AG19+AG19+AK19+AO19+AS19+AW19+BA19) -> 121637.57 | F19: =100/E19*C19 -> 13.059308 | G19: 279.9375 | H19: 0 | I19: 13750 | J19: =100/I19*G19 -> 2.0359091 | K19: 0 | L19: 2000 | M19: 11712.47 | N19: =100/M19*K19 -> 0 | O19: 0 | P19: 3000 | Q19: 3462.5 | R19: =100/Q19*O19 -> 0 | S19: 0 | T19: 3000 | U19: 4687.5 | V19: =100/U19*S19 -> 0 | W19: =SUM(MAI!D19) -> 0 | X19: 3000 | Y19: 9687.5 | Z19: =100/Y19*W19 -> 0 | AA19: 0 | AB19: 5000 | AC19: 11250 | AD19: =100/AC19*AA19 -> 0 | AE19: =SUM(IOC!K22) -> 0 | AF19: 3000 | AG19: 11537.55 | AH19: =100/AG19*AE19 -> 0 | AI19: =SUM(HIE!L22) -> 0 | AJ19: 3000 | AK19: 10625 | AL19: =100/AK19*AI19 -> 0 | AM19: 14711.088 | AN19: 3000 | AO19: 18562.5 | AP19: =100/AO19*AM19 -> 79.25165 | AQ19: 0 | AR19: 3000 | AS19: 3575 | AT19: =100/AS19*AQ19 -> 0 | AU19: 894 | AV19: 3000 | AW19: 6875 | AX19: =100/AW19*AU19 -> 13.003636 | AY19: ='CKR '!C18 -> 0 | AZ19: 2000 | BA19: 4375 | BB19: =100/BA19*AY19 -> 0
A20: Contracting with winner SMEs Projects | B20: T3.4 | C20: =SUM(G20+K20+O20+S20+W20+AA20+AE20+AI20+AM20+AQ20+AU20+AY20) -> 0 | D20: =SUM(H20+L20+P20+T20+X20+AB20+AF20+AJ20+AN20+AR20+AV20+AZ20) -> 0 | E20: =SUM(I20+M20+Q20+U20+Y20+AC20+AG20+AG20+AK20+AO20+AS20+AW20+BA20) -> 26750 | F20: =100/E20*C20 -> 0 | G20: 0 | H20: 0 | I20: 26750 | J20: =100/I20*G20 -> 0 | K20: 0 | M20: 0 | N20: =100/M20*K20 -> #DIV/0! | O20: 0 | Q20: 0 | R20: =100/Q20*O20 -> #DIV/0! | S20: 0 | U20: 0 | V20: =100/U20*S20 -> #DIV/0! | W20: =SUM(MAI!D20) -> 0 | Y20: 0 | Z20: =100/Y20*W20 -> #DIV/0! | AA20: 0 | AC20: 0 | AD20: =100/AC20*AA20 -> #DIV/0! | AE20: =SUM(IOC!K23) -> 0 | AG20: 0 | AH20: =100/AG20*AE20 -> #DIV/0! | AI20: =SUM(HIE!L23) -> 0 | AK20: 0 | AL20: =100/AK20*AI20 -> #DIV/0! | AM20: 0 | AO20: 0 | AP20: =100/AO20*AM20 -> #DIV/0! | AQ20: 0 | AS20: 0 | AT20: =100/AS20*AQ20 -> #DIV/0! | AU20: 0 | AW20: 0 | AX20: =100/AW20*AU20 -> #DIV/0! | AY20: ='CKR '!C19 -> 0 | BA20: 0 | BB20: =100/BA20*AY20 -> #DIV/0!
A21: Payments and financial monitoring of winner SMEs Projects | B21: T3.5 | C21: =SUM(G21+K21+O21+S21+W21+AA21+AE21+AI21+AM21+AQ21+AU21+AY21) -> 0 | D21: =SUM(H21+L21+P21+T21+X21+AB21+AF21+AJ21+AN21+AR21+AV21+AZ21) -> 0 | E21: =SUM(I21+M21+Q21+U21+Y21+AC21+AG21+AG21+AK21+AO21+AS21+AW21+BA21) -> 26750 | F21: =100/E21*C21 -> 0 | G21: 0 | H21: 0 | I21: 26750 | J21: =100/I21*G21 -> 0 | K21: 0 | M21: 0 | N21: =100/M21*K21 -> #DIV/0! | O21: 0 | Q21: 0 | R21: =100/Q21*O21 -> #DIV/0! | S21: 0 | U21: 0 | V21: =100/U21*S21 -> #DIV/0! | W21: =SUM(MAI!D21) -> 0 | Y21: 0 | Z21: =100/Y21*W21 -> #DIV/0! | AA21: 0 | AB21: 0 | AC21: 0 | AD21: =100/AC21*AA21 -> #DIV/0! | AE21: =SUM(IOC!K24) -> 0 | AG21: 0 | AH21: =100/AG21*AE21 -> #DIV/0! | AI21: =SUM(HIE!L24) -> 0 | AK21: 0 | AL21: =100/AK21*AI21 -> #DIV/0! | AM21: 0 | AO21: 0 | AP21: =100/AO21*AM21 -> #DIV/0! | AQ21: 0 | AS21: 0 | AT21: =100/AS21*AQ21 -> #DIV/0! | AU21: 0 | AW21: 0 | AX21: =100/AW21*AU21 -> #DIV/0! | AY21: ='CKR '!C20 -> 0 | BA21: 0 | BB21: =100/BA21*AY21 -> #DIV/0!
A22: Technical monitoring of winner SMEs Projects | B22: T3.6 | C22: =SUM(G22+K22+O22+S22+W22+AA22+AE22+AI22+AM22+AQ22+AU22+AY22) -> 6187.5 | D22: =SUM(H22+L22+P22+T22+X22+AB22+AF22+AJ22+AN22+AR22+AV22+AZ22) -> 37428.57 | E22: =SUM(I22+M22+Q22+U22+Y22+AC22+AG22+AG22+AK22+AO22+AS22+AW22+BA22) -> 171950.02 | F22: =100/E22*C22 -> 3.5984294 | G22: 0 | H22: 0 | I22: 13750 | J22: =100/I22*G22 -> 0 | K22: 0 | L22: 5000 | M22: 35137.42 | N22: =100/M22*K22 -> 0 | O22: 0 | P22: 3000 | Q22: 3462.5 | R22: =100/Q22*O22 -> 0 | S22: 0 | T22: 4000 | U22: 9375 | V22: =100/U22*S22 -> 0 | W22: =SUM(MAI!D22) -> 0 | X22: 4000 | Y22: 19375 | Z22: =100/Y22*W22 -> 0 | AA22: 0 | AB22: 4428.57 | AC22: 22500 | AD22: =100/AC22*AA22 -> 0 | AE22: =SUM(IOC!K25) -> 0 | AF22: 3000 | AG22: 11537.55 | AH22: =100/AG22*AE22 -> 0 | AI22: =SUM(HIE!L25) -> 0 | AJ22: 3000 | AK22: 10625 | AL22: =100/AK22*AI22 -> 0 | AM22: 6187.5 | AN22: 2000 | AO22: 11875 | AP22: =100/AO22*AM22 -> 52.105263 | AQ22: 0 | AR22: 3000 | AS22: 7150 | AT22: =100/AS22*AQ22 -> 0 | AU22: 0 | AV22: 3000 | AW22: 6875 | AX22: =100/AW22*AU22 -> 0 | AY22: ='CKR '!C21 -> 0 | AZ22: 3000 | BA22: 8750 | BB22: =100/BA22*AY22 -> 0
A23: Business Support Services to winner SMEs (preparation) | B23: WP4 | C23: =SUM(G23+K23+O23+S23+W23+AA23+AE23+AI23+AM23+AQ23+AU23+AY23) -> 21952.603 | D23: =SUM(H23+L23+P23+T23+X23+AB23+AF23+AJ23+AN23+AR23+AV23+AZ23) -> 151514.29 | E23: =SUM(I23+M23+Q23+U23+Y23+AC23+AG23+AG23+AK23+AO23+AS23+AW23+BA23) -> 700689.32 | F23: =100/E23*C23 -> 3.133001 | G23: 6681.175 | H23: =SUM(H24:H32) -> 0 | I23: =SUM(I24:I32) -> 72511.5 | J23: =100/I23*G23 -> 9.2139523 | K23: 2723.4636 | L23: =SUM(L24:L32) -> 8000 | M23: =SUM(M24:M32) -> 149334.17 | N23: =100/M23*K23 -> 1.8237377 | O23: 58.1 | P23: =SUM(P24:P32) -> 26000 | Q23: =SUM(Q24:Q32) -> 29431.25 | R23: =100/Q23*O23 -> 0.19740922 | S23: 595.19468 | T23: =SUM(T24:T32) -> 8600 | U23: =SUM(U24:U32) -> 32812.5 | V23: =100/U23*S23 -> 1.8139266 | W23: =SUM(MAI!D23) -> 4120.2875 | X23: =SUM(X24:X32) -> 8600 | Y23: =SUM(Y24:Y32) -> 77500 | Z23: =100/Y23*W23 -> 5.3165 | AA23: 816.875 | AB23: =SUM(AB24:AB32) -> 33714.29 | AC23: =SUM(AC24:AC32) -> 101250 | AD23: =100/AC23*AA23 -> 0.80679012 | AE23: =SUM(IOC!K26) -> 0 | AF23: =SUM(AF24:AF32) -> 8600 | AG23: =SUM(AG24:AG32) -> 34612.7 | AH23: =100/AG23*AE23 -> 0 | AI23: =SUM(HIE!L26) -> 0 | AJ23: =SUM(AJ24:AJ32) -> 8600 | AK23: =SUM(AK24:AK32) -> 74374.5 | AL23: =100/AK23*AI23 -> 0 | AM23: 5126.7875 | AN23: =SUM(AN24:AN32) -> 8600 | AO23: =SUM(AO24:AO32) -> 30937.5 | AP23: =100/AO23*AM23 -> 16.571434 | AQ23: 661.59 | AR23: =SUM(AR24:AR32) -> 8600 | AS23: =SUM(AS24:AS32) -> 8937.5 | AT23: =100/AS23*AQ23 -> 7.4024056 | AU23: 1169.13 | AV23: =SUM(AV24:AV32) -> 23600 | AW23: =SUM(AW24:AW32) -> 41250 | AX23: =100/AW23*AU23 -> 2.8342545 | AY23: ='CKR '!C22 -> 0 | AZ23: =SUM(AZ24:AZ32) -> 8600 | BA23: =SUM(BA24:BA32) -> 13125 | BB23: =100/BA23*AY23 -> 0
A24: Programme of Business Support Services to winner SMEs (prep) | B24: T4.1 | C24: =SUM(G24+K24+O24+S24+W24+AA24+AE24+AI24+AM24+AQ24+AU24+AY24) -> 8347.2261 | D24: =SUM(H24+L24+P24+T24+X24+AB24+AF24+AJ24+AN24+AR24+AV24+AZ24) -> 1000 | E24: =SUM(I24+M24+Q24+U24+Y24+AC24+AG24+AG24+AK24+AO24+AS24+AW24+BA24) -> 24218.75 | F24: =100/E24*C24 -> 34.465966 | G24: 933.125 | H24: 0 | I24: 0 | J24: =100/I24*G24 -> #DIV/0! | K24: 2403.0561 | M24: 0 | N24: =100/M24*K24 -> #DIV/0! | O24: 46.48 | Q24: 0 | R24: =100/Q24*O24 -> #DIV/0! | S24: 0 | U24: 0 | V24: =100/U24*S24 -> #DIV/0! | W24: =SUM(MAI!D24) -> 4120.2875 | X24: 1000 | Y24: 24218.75 | Z24: =100/Y24*W24 -> 17.0128 | AA24: 81.6875 | AC24: 0 | AD24: =100/AC24*AA24 -> #DIV/0! | AE24: =SUM(IOC!K27) -> 0 | AG24: 0 | AH24: =100/AG24*AE24 -> #DIV/0! | AI24: =SUM(HIE!L27) -> 0 | AK24: 0 | AL24: =100/AK24*AI24 -> #DIV/0! | AM24: 0 | AO24: 0 | AP24: =100/AO24*AM24 -> #DIV/0! | AQ24: 661.59 | AS24: 0 | AT24: =100/AS24*AQ24 -> #DIV/0! | AU24: 101 | AW24: 0 | AX24: =100/AW24*AU24 -> #DIV/0! | AY24: ='CKR '!C23 -> 0 | BA24: 0 | BB24: =100/BA24*AY24 -> #DIV/0!
A25: Business Support Service #1 Business & Tech Academy | B25: T4.2 | C25: =SUM(G25+K25+O25+S25+W25+AA25+AE25+AI25+AM25+AQ25+AU25+AY25) -> 5371.85 | D25: =SUM(H25+L25+P25+T25+X25+AB25+AF25+AJ25+AN25+AR25+AV25+AZ25) -> 44600 | E25: =SUM(I25+M25+Q25+U25+Y25+AC25+AG25+AG25+AK25+AO25+AS25+AW25+BA25) -> 169499.08 | F25: =100/E25*C25 -> 3.1692502 | G25: 0 | H25: 0 | I25: 12324 | J25: =100/I25*G25 -> 0 | K25: 0 | L25: 1000 | M25: 11712.46 | N25: =100/M25*K25 -> 0 | O25: 0 | P25: 5000 | Q25: 3462.5 | R25: =100/Q25*O25 -> 0 | S25: 0 | T25: 2000 | U25: 4687.5 | V25: =100/U25*S25 -> 0 | W25: =SUM(MAI!D25) -> 0 | X25: 5000 | Y25: 29062.5 | Z25: =100/Y25*W25 -> 0 | AA25: 245.0625 | AB25: 10000 | AC25: 39375 | AD25: =100/AC25*AA25 -> 0.62238095 | AE25: =SUM(IOC!K28) -> 0 | AF25: 3000 | AG25: 11537.56 | AH25: =100/AG25*AE25 -> 0 | AI25: =SUM(HIE!L28) -> 0 | AJ25: 1000 | AK25: 10625 | AL25: =100/AK25*AI25 -> 0 | AM25: 5126.7875 | AN25: 4600 | AO25: 18562.5 | AP25: =100/AO25*AM25 -> 27.619057 | AQ25: 0 | AR25: 6000 | AS25: 5362.5 | AT25: =100/AS25*AQ25 -> 0 | AU25: 0 | AV25: 5000 | AW25: 6875 | AX25: =100/AW25*AU25 -> 0 | AY25: ='CKR '!C24 -> 0 | AZ25: 2000 | BA25: 4375 | BB25: =100/BA25*AY25 -> 0
A26: Business Support Service #2 Brokerage & B2B matchmaking events | B26: T4.3 | C26: =SUM(G26+K26+O26+S26+W26+AA26+AE26+AI26+AM26+AQ26+AU26+AY26) -> 326.75 | D26: =SUM(H26+L26+P26+T26+X26+AB26+AF26+AJ26+AN26+AR26+AV26+AZ26) -> 34100 | E26: =SUM(I26+M26+Q26+U26+Y26+AC26+AG26+AG26+AK26+AO26+AS26+AW26+BA26) -> 113875.05 | F26: =100/E26*C26 -> 0.28693731 | G26: 0 | H26: 0 | I26: 6687.5 | J26: =100/I26*G26 -> 0 | K26: 0 | L26: 1000 | M26: 5856.24 | N26: =100/M26*K26 -> 0 | O26: 0 | P26: 10000 | Q26: 13850 | R26: =100/Q26*O26 -> 0 | S26: 0 | T26: 2000 | U26: 2343.75 | V26: =100/U26*S26 -> 0 | W26: =SUM(MAI!D26) -> 0 | X26: 500 | Y26: 9687.5 | Z26: =100/Y26*W26 -> 0 | AA26: 326.75 | AB26: 10000 | AC26: 45000 | AD26: =100/AC26*AA26 -> 0.72611111 | AE26: =SUM(IOC!K29) -> 0 | AF26: 1500 | AG26: 5768.78 | AH26: =100/AG26*AE26 -> 0 | AI26: =SUM(HIE!L29) -> 0 | AJ26: 1000 | AK26: 5312.5 | AL26: =100/AK26*AI26 -> 0 | AM26: 0 | AN26: 2000 | AO26: 6187.5 | AP26: =100/AO26*AM26 -> 0 | AQ26: 0 | AR26: 1600 | AS26: 1787.5 | AT26: =100/AS26*AQ26 -> 0 | AU26: 0 | AV26: 2500 | AW26: 3437.5 | AX26: =100/AW26*AU26 -> 0 | AY26: ='CKR '!C25 -> 0 | AZ26: 2000 | BA26: 2187.5 | BB26: =100/BA26*AY26 -> 0
A27: Business Support Service #3 Access to Finance | B27: T4.4 | C27: =SUM(G27+K27+O27+S27+W27+AA27+AE27+AI27+AM27+AQ27+AU27+AY27) -> 0 | D27: =SUM(H27+L27+P27+T27+X27+AB27+AF27+AJ27+AN27+AR27+AV27+AZ27) -> 10700 | E27: =SUM(I27+M27+Q27+U27+Y27+AC27+AG27+AG27+AK27+AO27+AS27+AW27+BA27) -> 70268.81 | F27: =100/E27*C27 -> 0 | G27: 0 | H27: 0 | I27: 6687.5 | J27: =100/I27*G27 -> 0 | K27: 0 | M27: 0 | N27: =100/M27*K27 -> #DIV/0! | O27: 0 | Q27: 1731.25 | R27: =100/Q27*O27 -> 0 | S27: 0 | U27: 2343.75 | V27: =100/U27*S27 -> 0 | W27: =SUM(MAI!D27) -> 0 | X27: 100 | Y27: 4843.75 | Z27: =100/Y27*W27 -> 0 | AA27: 0 | AB27: 4000 | AC27: 5625 | AD27: =100/AC27*AA27 -> 0 | AE27: =SUM(IOC!K30) -> 0 | AF27: 1500 | AG27: 5768.78 | AH27: =100/AG27*AE27 -> 0 | AI27: =SUM(HIE!L30) -> 0 | AJ27: 2600 | AK27: 31875 | AL27: =100/AK27*AI27 -> 0 | AM27: 0 | AO27: 0 | AP27: =100/AO27*AM27 -> #DIV/0! | AQ27: 0 | AS27: 0 | AT27: =100/AS27*AQ27 -> #DIV/0! | AU27: 0 | AV27: 2500 | AW27: 3437.5 | AX27: =100/AW27*AU27 -> 0 | AY27: ='CKR '!C26 -> 0 | BA27: 2187.5 | BB27: =100/BA27*AY27 -> 0
A28: Business Support Service #4 One-to-One Mentoring and Coaching (prep) | B28: T4.5 | C28: =SUM(G28+K28+O28+S28+W28+AA28+AE28+AI28+AM28+AQ28+AU28+AY28) -> 359.90748 | D28: =SUM(H28+L28+P28+T28+X28+AB28+AF28+AJ28+AN28+AR28+AV28+AZ28) -> 6000 | E28: =SUM(I28+M28+Q28+U28+Y28+AC28+AG28+AG28+AK28+AO28+AS28+AW28+BA28) -> 114196.76 | F28: =100/E28*C28 -> 0.31516435 | G28: 0 | H28: 0 | I28: 0 | J28: =100/I28*G28 -> #DIV/0! | K28: 320.40748 | L28: 6000 | M28: 114196.76 | N28: =100/M28*K28 -> 0.28057493 | O28: 0 | P28: 0 | Q28: 0 | R28: =100/Q28*O28 -> #DIV/0! | S28: 0 | T28: 0 | U28: 0 | V28: =100/U28*S28 -> #DIV/0! | W28: =SUM(MAI!D28) -> 0 | X28: 0 | Y28: 0 | Z28: =100/Y28*W28 -> #DIV/0! | AA28: 0 | AB28: 0 | AC28: 0 | AD28: =100/AC28*AA28 -> #DIV/0! | AE28: =SUM(IOC!K31) -> 0 | AF28: 0 | AG28: 0 | AH28: =100/AG28*AE28 -> #DIV/0! | AI28: =SUM(HIE!L31) -> 0 | AJ28: 0 | AK28: 0 | AL28: =100/AK28*AI28 -> #DIV/0! | AM28: 0 | AN28: 0 | AO28: 0 | AP28: =100/AO28*AM28 -> #DIV/0! | AQ28: 0 | AR28: 0 | AS28: 0 | AT28: =100/AS28*AQ28 -> #DIV/0! | AU28: 39.5 | AV28: 0 | AW28: 0 | AX28: =100/AW28*AU28 -> #DIV/0! | AY28: ='CKR '!C27 -> 0 | AZ28: 0 | BA28: 0 | BB28: =100/BA28*AY28 -> #DIV/0!
A29: Business Support Service #5 Branding | B29: T4.6 | C29: =SUM(G29+K29+O29+S29+W29+AA29+AE29+AI29+AM29+AQ29+AU29+AY29) -> 230.555 | D29: =SUM(H29+L29+P29+T29+X29+AB29+AF29+AJ29+AN29+AR29+AV29+AZ29) -> 4000 | E29: =SUM(I29+M29+Q29+U29+Y29+AC29+AG29+AG29+AK29+AO29+AS29+AW29+BA29) -> 6925 | F29: =100/E29*C29 -> 3.3293141 | G29: 0 | H29: 0 | I29: 0 | J29: =100/I29*G29 -> #DIV/0! | K29: 0 | M29: 0 | N29: =100/M29*K29 -> #DIV/0! | O29: 0 | P29: 4000 | Q29: 6925 | R29: =100/Q29*O29 -> 0 | S29: 0 | U29: 0 | V29: =100/U29*S29 -> #DIV/0! | W29: =SUM(MAI!D29) -> 0 | Y29: 0 | Z29: =100/Y29*W29 -> #DIV/0! | AA29: 0 | AC29: 0 | AD29: =100/AC29*AA29 -> #DIV/0! | AE29: =SUM(IOC!K32) -> 0 | AG29: 0 | AH29: =100/AG29*AE29 -> #DIV/0! | AI29: =SUM(HIE!L32) -> 0 | AK29: 0 | AL29: =100/AK29*AI29 -> #DIV/0! | AM29: 0 | AO29: 0 | AP29: =100/AO29*AM29 -> #DIV/0! | AQ29: 0 | AS29: 0 | AT29: =100/AS29*AQ29 -> #DIV/0! | AU29: 230.555 | AW29: 0 | AX29: =100/AW29*AU29 -> #DIV/0! | AY29: ='CKR '!C28 -> 0 | BA29: 0 | BB29: =100/BA29*AY29 -> #DIV/0!
A30: Business Support Service #6 Internationalisation | B30: T4.7 | C30: =SUM(G30+K30+O30+S30+W30+AA30+AE30+AI30+AM30+AQ30+AU30+AY30) -> 798.075 | D30: =SUM(H30+L30+P30+T30+X30+AB30+AF30+AJ30+AN30+AR30+AV30+AZ30) -> 19800 | E30: =SUM(I30+M30+Q30+U30+Y30+AC30+AG30+AG30+AK30+AO30+AS30+AW30+BA30) -> 54018.33 | F30: =100/E30*C30 -> 1.4774152 | G30: 0 | H30: 0 | I30: 6687.5 | J30: =100/I30*G30 -> 0 | K30: 0 | M30: 0 | N30: =100/M30*K30 -> #DIV/0! | O30: 0 | P30: 3000 | Q30: 1731.25 | R30: =100/Q30*O30 -> 0 | S30: 0 | T30: 1000 | U30: 2343.75 | V30: =100/U30*S30 -> 0 | W30: =SUM(MAI!D30) -> 0 | X30: 1000 | Y30: 4843.75 | Z30: =100/Y30*W30 -> 0 | AA30: 0 | AB30: 4000 | AC30: 5625 | AD30: =100/AC30*AA30 -> 0 | AE30: =SUM(IOC!K33) -> 0 | AF30: 1800 | AG30: 5768.79 | AH30: =100/AG30*AE30 -> 0 | AI30: =SUM(HIE!L33) -> 0 | AJ30: 1000 | AK30: 5312 | AL30: =100/AK30*AI30 -> 0 | AM30: 0 | AO30: 0 | AP30: =100/AO30*AM30 -> #DIV/0! | AQ30: 0 | AS30: 0 | AT30: =100/AS30*AQ30 -> #DIV/0! | AU30: 798.075 | AV30: 6000 | AW30: 13750 | AX30: =100/AW30*AU30 -> 5.8041818 | AY30: ='CKR '!C29 -> 0 | AZ30: 2000 | BA30: 2187.5 | BB30: =100/BA30*AY30 -> 0
A31: Business Support Service #7 Investor pitching | B31: T4.8 | C31: =SUM(G31+K31+O31+S31+W31+AA31+AE31+AI31+AM31+AQ31+AU31+AY31) -> 595.19468 | D31: =SUM(H31+L31+P31+T31+X31+AB31+AF31+AJ31+AN31+AR31+AV31+AZ31) -> 5000 | E31: =SUM(I31+M31+Q31+U31+Y31+AC31+AG31+AG31+AK31+AO31+AS31+AW31+BA31) -> 53087.47 | F31: =100/E31*C31 -> 1.1211585 | G31: 0 | H31: 0 | I31: 6687.5 | J31: =100/I31*G31 -> 0 | K31: 0 | M31: 11712.47 | N31: =100/M31*K31 -> 0 | O31: 0 | Q31: 0 | R31: =100/Q31*O31 -> #DIV/0! | S31: 595.19468 | T31: 3000 | U31: 18750 | V31: =100/U31*S31 -> 3.1743716 | W31: =SUM(MAI!D31) -> 0 | Y31: 0 | Z31: =100/Y31*W31 -> #DIV/0! | AA31: 0 | AC31: 0 | AD31: =100/AC31*AA31 -> #DIV/0! | AE31: =SUM(IOC!K34) -> 0 | AG31: 0 | AH31: =100/AG31*AE31 -> #DIV/0! | AI31: =SUM(HIE!L34) -> 0 | AJ31: 2000 | AK31: 15937.5 | AL31: =100/AK31*AI31 -> 0 | AM31: 0 | AO31: 0 | AP31: =100/AO31*AM31 -> #DIV/0! | AQ31: 0 | AS31: 0 | AT31: =100/AS31*AQ31 -> #DIV/0! | AU31: 0 | AW31: 0 | AX31: =100/AW31*AU31 -> #DIV/0! | AY31: ='CKR '!C30 -> 0 | BA31: 0 | BB31: =100/BA31*AY31 -> #DIV/0!
A32: Business Support Service #8 Investor rounds | B32: T4.9 | C32: =SUM(G32+K32+O32+S32+W32+AA32+AE32+AI32+AM32+AQ32+AU32+AY32) -> 5748.05 | D32: =SUM(H32+L32+P32+T32+X32+AB32+AF32+AJ32+AN32+AR32+AV32+AZ32) -> 26314.29 | E32: =SUM(I32+M32+Q32+U32+Y32+AC32+AG32+AG32+AK32+AO32+AS32+AW32+BA32) -> 94600.07 | F32: =100/E32*C32 -> 6.0761583 | G32: 5748.05 | H32: 0 | I32: 33437.5 | J32: =100/I32*G32 -> 17.19043 | K32: 0 | M32: 5856.24 | N32: =100/M32*K32 -> 0 | O32: 0 | P32: 4000 | Q32: 1731.25 | R32: =100/Q32*O32 -> 0 | S32: 0 | T32: 600 | U32: 2343.75 | V32: =100/U32*S32 -> 0 | W32: =SUM(MAI!D32) -> 0 | X32: 1000 | Y32: 4843.75 | Z32: =100/Y32*W32 -> 0 | AA32: 0 | AB32: 5714.29 | AC32: 5625 | AD32: =100/AC32*AA32 -> 0 | AE32: =SUM(IOC!K35) -> 0 | AF32: 800 | AG32: 5768.79 | AH32: =100/AG32*AE32 -> 0 | AI32: =SUM(HIE!L35) -> 0 | AJ32: 1000 | AK32: 5312.5 | AL32: =100/AK32*AI32 -> 0 | AM32: 0 | AN32: 2000 | AO32: 6187.5 | AP32: =100/AO32*AM32 -> 0 | AQ32: 0 | AR32: 1000 | AS32: 1787.5 | AT32: =100/AS32*AQ32 -> 0 | AU32: 0 | AV32: 7600 | AW32: 13750 | AX32: =100/AW32*AU32 -> 0 | AY32: ='CKR '!C31 -> 0 | AZ32: 2600 | BA32: 2187.5 | BB32: =100/BA32*AY32 -> 0
A33: Large-scale Demonstrator (LSD) setup, validation, and impact assessment | B33: WP5 | C33: =SUM(G33+K33+O33+S33+W33+AA33+AE33+AI33+AM33+AQ33+AU33+AY33) -> 42546.324 | D33: =SUM(H33+L33+P33+T33+X33+AB33+AF33+AJ33+AN33+AR33+AV33+AZ33) -> 0 | E33: =SUM(I33+M33+Q33+U33+Y33+AC33+AG33+AG33+AK33+AO33+AS33+AW33+BA33) -> 148095.23 | F33: =100/E33*C33 -> 28.729031 | G33: 4189.7313 | H33: =SUM(H34:H36) -> 0 | I33: =SUM(I34:I36) -> 10331.25 | J33: =100/I33*G33 -> 40.553962 | K33: 33402.48 | L33: =SUM(L34:L36) -> 0 | M33: =SUM(M34:M36) -> 70274.73 | N33: =100/M33*K33 -> 47.531282 | O33: 87.15 | P33: =SUM(P34:P36) -> 0 | Q33: =SUM(Q34:Q36) -> 2596.86 | R33: =100/Q33*O33 -> 3.3559761 | S33: 700.09011 | T33: =SUM(T34:T36) -> 0 | U33: =SUM(U34:U36) -> 3515.64 | V33: =100/U33*S33 -> 19.913589 | W33: =SUM(MAI!D33) -> 0 | X33: =SUM(X34:X36) -> 0 | Y33: =SUM(Y34:Y36) -> 7265.64 | Z33: =100/Y33*W33 -> 0 | AA33: 0 | AB33: =SUM(AB34:AB36) -> 0 | AC33: =SUM(AC34:AC36) -> 8436 | AD33: =100/AC33*AA33 -> 0 | AE33: =SUM(IOC!K36) -> 359.5625 | AF33: =SUM(AF34:AF36) -> 0 | AG33: =SUM(AG34:AG36) -> 8653.18 | AH33: =100/AG33*AE33 -> 4.1552643 | AI33: =SUM(HIE!L36) -> 0 | AJ33: =SUM(AJ34:AJ36) -> 0 | AK33: =SUM(AK34:AK36) -> 7968.75 | AL33: =100/AK33*AI33 -> 0 | AM33: 0 | AN33: =SUM(AN34:AN36) -> 0 | AO33: =SUM(AO34:AO36) -> 9281.25 | AP33: =100/AO33*AM33 -> 0 | AQ33: 1742.07 | AR33: =SUM(AR34:AR36) -> 0 | AS33: =SUM(AS34:AS36) -> 2681.25 | AT33: =100/AS33*AQ33 -> 64.972308 | AU33: 1627 | AV33: =SUM(AV34:AV36) -> 0 | AW33: =SUM(AW34:AW36) -> 5156.25 | AX33: =100/AW33*AU33 -> 31.553939 | AY33: ='CKR '!C32 -> 438.24065 | AZ33: =SUM(AZ34:AZ36) -> 0 | BA33: =SUM(BA34:BA36) -> 3281.25 | BB33: =100/BA33*AY33 -> 13.355905
A34: Set-up of the GreenOffshoreTech LSD in GreenOffshoreTech regions | B34: T5.1 | C34: =SUM(G34+K34+O34+S34+W34+AA34+AE34+AI34+AM34+AQ34+AU34+AY34) -> 40961.187 | D34: =SUM(H34+L34+P34+T34+X34+AB34+AF34+AJ34+AN34+AR34+AV34+AZ34) -> 0 | E34: =SUM(I34+M34+Q34+U34+Y34+AC34+AG34+AG34+AK34+AO34+AS34+AW34+BA34) -> 55221.35 | F34: =100/E34*C34 -> 74.17636 | G34: 2874.025 | I34: 3443.75 | J34: =100/I34*G34 -> 83.456261 | K34: 33402.48 | M34: 29281.19 | N34: =100/M34*K34 -> 114.07487 | O34: 69.72 | Q34: 865.62 | R34: =100/Q34*O34 -> 8.0543426 | S34: 700.09011 | U34: 1171.88 | V34: =100/U34*S34 -> 59.740768 | W34: =SUM(MAI!D34) -> 0 | Y34: 2421.88 | Z34: =100/Y34*W34 -> 0 | AA34: 0 | AC34: 2812 | AD34: =100/AC34*AA34 -> 0 | AE34: =SUM(IOC!K37) -> 359.5625 | AG34: 2884.39 | AH34: =100/AG34*AE34 -> 12.465807 | AI34: =SUM(HIE!L37) -> 0 | AK34: 2656.25 | AL34: =100/AK34*AI34 -> 0 | AM34: 0 | AO34: 3093.75 | AP34: =100/AO34*AM34 -> 0 | AQ34: 1742.07 | AS34: 893.75 | AT34: =100/AS34*AQ34 -> 194.91692 | AU34: 1375 | AW34: 1718.75 | AX34: =100/AW34*AU34 -> 80 | AY34: ='CKR '!C33 -> 438.24 | BA34: 1093.75 | BB34: =100/BA34*AY34 -> 40.067657
A35: Validation & Impact assessment of GreenOffshoreTech LSD (data collection) | B35: T5.2 | C35: =SUM(G35+K35+O35+S35+W35+AA35+AE35+AI35+AM35+AQ35+AU35+AY35) -> 771.5 | D35: =SUM(H35+L35+P35+T35+X35+AB35+AF35+AJ35+AN35+AR35+AV35+AZ35) -> 0 | E35: =SUM(I35+M35+Q35+U35+Y35+AC35+AG35+AG35+AK35+AO35+AS35+AW35+BA35) -> 55221.35 | F35: =100/E35*C35 -> 1.3971046 | G35: 746.5 | I35: 3443.75 | J35: =100/I35*G35 -> 21.676951 | K35: 0 | M35: 29281.19 | N35: =100/M35*K35 -> 0 | O35: 0 | Q35: 865.62 | R35: =100/Q35*O35 -> 0 | S35: 0 | U35: 1171.88 | V35: =100/U35*S35 -> 0 | W35: =SUM(MAI!D35) -> 0 | Y35: 2421.88 | Z35: =100/Y35*W35 -> 0 | AA35: 0 | AC35: 2812 | AD35: =100/AC35*AA35 -> 0 | AE35: =SUM(IOC!K38) -> 0 | AG35: 2884.39 | AH35: =100/AG35*AE35 -> 0 | AI35: =SUM(HIE!L38) -> 0 | AK35: 2656.25 | AL35: =100/AK35*AI35 -> 0 | AM35: 0 | AO35: 3093.75 | AP35: =100/AO35*AM35 -> 0 | AQ35: 0 | AS35: 893.75 | AT35: =100/AS35*AQ35 -> 0 | AU35: 25 | AW35: 1718.75 | AX35: =100/AW35*AU35 -> 1.4545455 | AY35: ='CKR '!C34 -> 0 | BA35: 1093.75 | BB35: =100/BA35*AY35 -> 0
A36: Guidelines of Best Practice to foster cross-sector/-border collaboration and technology transfer through Clusters | B36: T5.3 | C36: =SUM(G36+K36+O36+S36+W36+AA36+AE36+AI36+AM36+AQ36+AU36+AY36) -> 796.20625 | D36: =SUM(H36+L36+P36+T36+X36+AB36+AF36+AJ36+AN36+AR36+AV36+AZ36) -> 0 | E36: =SUM(I36+M36+Q36+U36+Y36+AC36+AG36+AG36+AK36+AO36+AS36+AW36+BA36) -> 37652.53 | F36: =100/E36*C36 -> 2.1146155 | G36: 569.20625 | I36: 3443.75 | J36: =100/I36*G36 -> 16.528675 | K36: 0 | M36: 11712.35 | N36: =100/M36*K36 -> 0 | O36: 0 | Q36: 865.62 | R36: =100/Q36*O36 -> 0 | S36: 0 | U36: 1171.88 | V36: =100/U36*S36 -> 0 | W36: =SUM(MAI!D36) -> 0 | Y36: 2421.88 | Z36: =100/Y36*W36 -> 0 | AA36: 0 | AC36: 2812 | AD36: =100/AC36*AA36 -> 0 | AE36: =SUM(IOC!K39) -> 0 | AG36: 2884.4 | AH36: =100/AG36*AE36 -> 0 | AI36: =SUM(HIE!L39) -> 0 | AK36: 2656.25 | AL36: =100/AK36*AI36 -> 0 | AM36: 0 | AO36: 3093.75 | AP36: =100/AO36*AM36 -> 0 | AQ36: 0 | AS36: 893.75 | AT36: =100/AS36*AQ36 -> 0 | AU36: 227 | AW36: 1718.75 | AX36: =100/AW36*AU36 -> 13.207273 | AY36: ='CKR '!C35 -> 0 | BA36: 1093.75 | BB36: =100/BA36*AY36 -> 0
A37: Communication, Dissemination, Exploitation & Sustainability | B37: WP6 | C37: =SUM(G37+K37+O37+S37+W37+AA37+AE37+AI37+AM37+AQ37+AU37+AY37) -> 56508.95 | D37: =SUM(H37+L37+P37+T37+X37+AB37+AF37+AJ37+AN37+AR37+AV37+AZ37) -> 0 | E37: =SUM(I37+M37+Q37+U37+Y37+AC37+AG37+AG37+AK37+AO37+AS37+AW37+BA37) -> 231218.95 | F37: =100/E37*C37 -> 24.439584 | G37: 8425.1856 | H37: =SUM(H38:H40) -> 0 | I37: =SUM(I38:I40) -> 26750 | J37: =100/I37*G37 -> 31.496021 | K37: 5847.4365 | L37: =SUM(L38:L40) -> 0 | M37: =SUM(M38:M40) -> 11712.44 | N37: =100/M37*K37 -> 49.925007 | O37: 25103.862 | P37: =SUM(P38:P40) -> 0 | Q37: =SUM(Q38:Q40) -> 25968.75 | R37: =100/Q37*O37 -> 96.669507 | S37: 3337.7579 | T37: =SUM(T38:T40) -> 0 | U37: =SUM(U38:U40) -> 9375 | V37: =100/U37*S37 -> 35.602751 | W37: =SUM(MAI!D37) -> 4596 | X37: =SUM(X38:X40) -> 0 | Y37: =SUM(Y38:Y40) -> 29062.5 | Z37: =100/Y37*W37 -> 15.814194 | AA37: 510.54688 | AB37: =SUM(AB38:AB40) -> 0 | AC37: =SUM(AC38:AC40) -> 22500 | AD37: =100/AC37*AA37 -> 2.2690972 | AE37: =SUM(IOC!K40) -> 4821.4062 | AF37: =SUM(AF38:AF40) -> 0 | AG37: =SUM(AG38:AG40) -> 23075.13 | AH37: =100/AG37*AE37 -> 20.894384 | AI37: =SUM(HIE!L40) -> 2261.1825 | AJ37: =SUM(AJ38:AJ40) -> 0 | AK37: =SUM(AK38:AK40) -> 21250 | AL37: =100/AK37*AI37 -> 10.640859 | AM37: 0 | AN37: =SUM(AN38:AN40) -> 0 | AO37: =SUM(AO38:AO40) -> 12375 | AP37: =100/AO37*AM37 -> 0 | AQ37: 590.43 | AR37: =SUM(AR38:AR40) -> 0 | AS37: =SUM(AS38:AS40) -> 3575 | AT37: =100/AS37*AQ37 -> 16.515524 | AU37: 620.725 | AV37: =SUM(AV38:AV40) -> 0 | AW37: =SUM(AW38:AW40) -> 13750 | AX37: =100/AW37*AU37 -> 4.5143636 | AY37: ='CKR '!C36 -> 394.41658 | AZ37: =SUM(AZ38:AZ40) -> 0 | BA37: =SUM(BA38:BA40) -> 8750 | BB37: =100/BA37*AY37 -> 4.5076181
A38: Communication plan and Communication activities | B38: T6.1 | C38: =SUM(G38+K38+O38+S38+W38+AA38+AE38+AI38+AM38+AQ38+AU38+AY38) -> 39463.093 | D38: =SUM(H38+L38+P38+T38+X38+AB38+AF38+AJ38+AN38+AR38+AV38+AZ38) -> 0 | E38: =SUM(I38+M38+Q38+U38+Y38+AC38+AG38+AG38+AK38+AO38+AS38+AW38+BA38) -> 55825.06 | F38: =100/E38*C38 -> 70.690641 | G38: 6531.875 | I38: 6687.5 | J38: =100/I38*G38 -> 97.672897 | K38: 4886.2141 | M38: 0 | N38: =100/M38*K38 -> #DIV/0! | O38: 16847.5 | Q38: 13850 | R38: =100/Q38*O38 -> 121.6426 | S38: 459.24468 | U38: 2343.75 | V38: =100/U38*S38 -> 19.59444 | W38: =SUM(MAI!D38) -> 4596 | Y38: 4843.75 | Z38: =100/Y38*W38 -> 94.885161 | AA38: 408.4375 | AC38: 5625 | AD38: =100/AC38*AA38 -> 7.2611111 | AE38: =SUM(IOC!K41) -> 4821.4062 | AG38: 5768.78 | AH38: =100/AG38*AE38 -> 83.577572 | AI38: =SUM(HIE!L41) -> 0 | AK38: 5312.5 | AL38: =100/AK38*AI38 -> 0 | AM38: 0 | AO38: =SUM(BAL!Q33*BAL!$S$1) -> 0 | AP38: =100/AO38*AM38 -> #DIV/0! | AQ38: 0 | AS38: 0 | AT38: =100/AS38*AQ38 -> #DIV/0! | AU38: 514.315 | AW38: 3437.5 | AX38: =100/AW38*AU38 -> 14.961891 | AY38: ='CKR '!C37 -> 398.1 | BA38: 2187.5 | BB38: =100/BA38*AY38 -> 18.198857
A39: Dissemination strategy and Dissemination activities | B39: T6.2 | C39: =SUM(G39+K39+O39+S39+W39+AA39+AE39+AI39+AM39+AQ39+AU39+AY39) -> 10860.063 | D39: =SUM(H39+L39+P39+T39+X39+AB39+AF39+AJ39+AN39+AR39+AV39+AZ39) -> 0 | E39: =SUM(I39+M39+Q39+U39+Y39+AC39+AG39+AG39+AK39+AO39+AS39+AW39+BA39) -> 108168.84 | F39: =100/E39*C39 -> 10.039918 | G39: 933.125 | I39: 13375 | J39: =100/I39*G39 -> 6.9766355 | K39: 961.22244 | M39: 5856.22 | N39: =100/M39*K39 -> 16.413701 | O39: 3235.59 | Q39: 10387.5 | R39: =100/Q39*O39 -> 31.148881 | S39: 2878.5132 | U39: 4687.5 | V39: =100/U39*S39 -> 61.408281 | W39: =SUM(MAI!D39) -> 0 | Y39: 9687.5 | Z39: =100/Y39*W39 -> 0 | AA39: 0 | AC39: 11250 | AD39: =100/AC39*AA39 -> 0 | AE39: =SUM(IOC!K42) -> 0 | AG39: 11537.56 | AH39: =100/AG39*AE39 -> 0 | AI39: =SUM(HIE!L42) -> 2261.1825 | AK39: 10625 | AL39: =100/AK39*AI39 -> 21.281718 | AM39: 0 | AO39: =SUM(BAL!Q34*BAL!$S$1) -> 6187.5 | AP39: =100/AO39*AM39 -> 0 | AQ39: 590.43 | AS39: 1787.5 | AT39: =100/AS39*AQ39 -> 33.031049 | AU39: 0 | AW39: 6875 | AX39: =100/AW39*AU39 -> 0 | AY39: ='CKR '!C38 -> 0 | BA39: 4375 | BB39: =100/BA39*AY39 -> 0
A40: Exploitation strategy, IPR and Sustainability | B40: T6.3 | C40: =SUM(G40+K40+O40+S40+W40+AA40+AE40+AI40+AM40+AQ40+AU40+AY40) -> 1066.5956 | D40: =SUM(H40+L40+P40+T40+X40+AB40+AF40+AJ40+AN40+AR40+AV40+AZ40) -> 0 | E40: =SUM(I40+M40+Q40+U40+Y40+AC40+AG40+AG40+AK40+AO40+AS40+AW40+BA40) -> 67225.05 | F40: =100/E40*C40 -> 1.5866044 | G40: 960.18563 | I40: 6687.5 | J40: =100/I40*G40 -> 14.357916 | K40: 0 | M40: 5856.22 | N40: =100/M40*K40 -> 0 | O40: 0 | Q40: 1731.25 | R40: =100/Q40*O40 -> 0 | S40: 0 | U40: 2343.75 | V40: =100/U40*S40 -> 0 | W40: =SUM(MAI!D40) -> 0 | Y40: 14531.25 | Z40: =100/Y40*W40 -> 0 | AA40: 0 | AC40: 5625 | AD40: =100/AC40*AA40 -> 0 | AE40: =SUM(IOC!K43) -> 0 | AG40: 5768.79 | AH40: =100/AG40*AE40 -> 0 | AI40: =SUM(HIE!L43) -> 0 | AK40: 5312.5 | AL40: =100/AK40*AI40 -> 0 | AM40: 0 | AO40: =SUM(BAL!Q35*BAL!$S$1) -> 6187.5 | AP40: =100/AO40*AM40 -> 0 | AQ40: 0 | AS40: 1787.5 | AT40: =100/AS40*AQ40 -> 0 | AU40: 106.41 | AW40: 3437.5 | AX40: =100/AW40*AU40 -> 3.0955636 | AY40: ='CKR '!C39 -> 0 | BA40: 2187.5 | BB40: =100/BA40*AY40 -> 0
A41: Project Management and Coordination | B41: WP7 | C41: =SUM(G41+K41+O41+S41+W41+AA41+AE41+AI41+AM41+AQ41+AU41+AY41) -> 116025.33 | D41: =SUM(H41+L41+P41+T41+X41+AB41+AF41+AJ41+AN41+AR41+AV41+AZ41) -> 0 | E41: =SUM(I41+M41+Q41+U41+Y41+AC41+AG41+AG41+AK41+AO41+AS41+AW41+BA41) -> 214000 | F41: =100/E41*C41 -> 54.217445 | G41: 108068.01 | H41: =SUM(H42:H44) -> 0 | I41: =SUM(I42:I44) -> 214000 | J41: =100/I41*G41 -> 50.499068 | K41: 1682.1393 | L41: =SUM(L42:L44) -> 0 | M41: =SUM(M42:M44) -> 0 | N41: =100/M41*K41 -> #DIV/0! | O41: 0 | P41: =SUM(P42:P44) -> 0 | Q41: =SUM(Q42:Q44) -> 0 | R41: =100/Q41*O41 -> #DIV/0! | S41: 0 | T41: =SUM(T42:T44) -> 0 | U41: =SUM(U42:U44) -> 0 | V41: =100/U41*S41 -> #DIV/0! | W41: =SUM(MAI!D41) -> 0 | X41: =SUM(X42:X44) -> 0 | Y41: =SUM(Y42:Y44) -> 0 | Z41: =100/Y41*W41 -> #DIV/0! | AA41: 459.49219 | AB41: =SUM(AB42:AB44) -> 0 | AC41: =SUM(AC42:AC44) -> 0 | AD41: =100/AC41*AA41 -> #DIV/0! | AE41: =SUM(IOC!K44) -> 0 | AF41: =SUM(AF42:AF44) -> 0 | AG41: =SUM(AG42:AG44) -> 0 | AH41: =100/AG41*AE41 -> #DIV/0! | AI41: =SUM(HIE!L44) -> 5531.9342 | AJ41: =SUM(AJ42:AJ44) -> 0 | AK41: =SUM(AK42:AK44) -> 0 | AL41: =100/AK41*AI41 -> #DIV/0! | AM41: 0 | AN41: =SUM(AN42:AN44) -> 0 | AO41: =SUM(AO42:AO44) -> 0 | AP41: =100/AO41*AM41 -> #DIV/0! | AQ41: 0 | AR41: =SUM(AR42:AR44) -> 0 | AS41: =SUM(AS42:AS44) -> 0 | AT41: =100/AS41*AQ41 -> #DIV/0! | AU41: 283.76 | AV41: =SUM(AV42:AV44) -> 0 | AW41: =SUM(AW42:AW44) -> 0 | AX41: =100/AW41*AU41 -> #DIV/0! | AY41: ='CKR '!C40 -> 0 | AZ41: =SUM(AZ42:AZ44) -> 0 | BA41: =SUM(BA42:BA44) -> 0 | BB41: =100/BA41*AY41 -> #DIV/0!
A42: Project coordination | B42: T7.1 | C42: =SUM(G42+K42+O42+S42+W42+AA42+AE42+AI42+AM42+AQ42+AU42+AY42) -> 42675.264 | D42: =SUM(H42+L42+P42+T42+X42+AB42+AF42+AJ42+AN42+AR42+AV42+AZ42) -> 0 | E42: =SUM(I42+M42+Q42+U42+Y42+AC42+AG42+AG42+AK42+AO42+AS42+AW42+BA42) -> 147125 | F42: =100/E42*C42 -> 29.006127 | G42: 37674.922 | I42: 147125 | J42: =100/I42*G42 -> 25.607424 | K42: 240.30561 | M42: 0 | N42: =100/M42*K42 -> #DIV/0! | O42: 0 | Q42: 0 | R42: =100/Q42*O42 -> #DIV/0! | S42: 0 | U42: 0 | V42: =100/U42*S42 -> #DIV/0! | W42: =SUM(MAI!D42) -> 0 | Y42: 0 | Z42: =100/Y42*W42 -> #DIV/0! | AA42: 0 | AC42: 0 | AD42: =100/AC42*AA42 -> #DIV/0! | AE42: =SUM(IOC!K45) -> 0 | AG42: 0 | AH42: =100/AG42*AE42 -> #DIV/0! | AI42: =SUM(HIE!L45) -> 4760.0364 | AK42: 0 | AL42: =100/AK42*AI42 -> #DIV/0! | AM42: 0 | AO42: 0 | AP42: =100/AO42*AM42 -> #DIV/0! | AQ42: 0 | AS42: 0 | AT42: =100/AS42*AQ42 -> #DIV/0! | AU42: 0 | AW42: 0 | AX42: =100/AW42*AU42 -> #DIV/0! | AY42: ='CKR '!C41 -> 0 | BA42: 0 | BB42: =100/BA42*AY42 -> #DIV/0!
A43: Project administration & Financial Management | B43: T7.2 | C43: =SUM(G43+K43+O43+S43+W43+AA43+AE43+AI43+AM43+AQ43+AU43+AY43) -> 50402.562 | D43: =SUM(H43+L43+P43+T43+X43+AB43+AF43+AJ43+AN43+AR43+AV43+AZ43) -> 0 | E43: =SUM(I43+M43+Q43+U43+Y43+AC43+AG43+AG43+AK43+AO43+AS43+AW43+BA43) -> 46812.5 | F43: =100/E43*C43 -> 107.66902 | G43: 48909.747 | I43: 46812.5 | J43: =100/I43*G43 -> 104.4801 | K43: 720.91683 | M43: 0 | N43: =100/M43*K43 -> #DIV/0! | O43: 0 | Q43: 0 | R43: =100/Q43*O43 -> #DIV/0! | S43: 0 | U43: 0 | V43: =100/U43*S43 -> #DIV/0! | W43: =SUM(MAI!D43) -> 0 | Y43: 0 | Z43: =100/Y43*W43 -> #DIV/0! | AA43: 0 | AC43: 0 | AD43: =100/AC43*AA43 -> #DIV/0! | AE43: =SUM(IOC!K46) -> 0 | AG43: 0 | AH43: =100/AG43*AE43 -> #DIV/0! | AI43: =SUM(HIE!L46) -> 771.8978 | AK43: 0 | AL43: =100/AK43*AI43 -> #DIV/0! | AM43: 0 | AO43: 0 | AP43: =100/AO43*AM43 -> #DIV/0! | AQ43: 0 | AS43: 0 | AT43: =100/AS43*AQ43 -> #DIV/0! | AU43: 0 | AW43: 0 | AX43: =100/AW43*AU43 -> #DIV/0! | AY43: ='CKR '!C42 -> 0 | BA43: 0 | BB43: =100/BA43*AY43 -> #DIV/0!
A44: Quality Assurance | B44: T7.3 | C44: =SUM(G44+K44+O44+S44+W44+AA44+AE44+AI44+AM44+AQ44+AU44+AY44) -> 22855.607 | D44: =SUM(H44+L44+P44+T44+X44+AB44+AF44+AJ44+AN44+AR44+AV44+AZ44) -> 0 | E44: =SUM(I44+M44+Q44+U44+Y44+AC44+AG44+AG44+AK44+AO44+AS44+AW44+BA44) -> 20062.5 | F44: =100/E44*C44 -> 113.92203 | G44: 21483.337 | I44: 20062.5 | J44: =100/I44*G44 -> 107.08205 | K44: 720.91683 | M44: 0 | N44: =100/M44*K44 -> #DIV/0! | O44: 0 | Q44: 0 | R44: =100/Q44*O44 -> #DIV/0! | S44: 0 | U44: 0 | V44: =100/U44*S44 -> #DIV/0! | W44: =SUM(MAI!D44) -> 0 | Y44: 0 | Z44: =100/Y44*W44 -> #DIV/0! | AA44: 367.59375 | AC44: 0 | AD44: =100/AC44*AA44 -> #DIV/0! | AE44: =SUM(IOC!K47) -> 0 | AG44: 0 | AH44: =100/AG44*AE44 -> #DIV/0! | AI44: =SUM(HIE!L47) -> 0 | AK44: 0 | AL44: =100/AK44*AI44 -> #DIV/0! | AM44: 0 | AO44: 0 | AP44: =100/AO44*AM44 -> #DIV/0! | AQ44: 0 | AS44: 0 | AT44: =100/AS44*AQ44 -> #DIV/0! | AU44: 283.76 | AW44: 0 | AX44: =100/AW44*AU44 -> #DIV/0! | AY44: ='CKR '!C43 -> 0 | BA44: 0 | BB44: =100/BA44*AY44 -> #DIV/0!
A45: TOTAL | C45: =SUM(G45+K45+O45+S45+W45+AA45+AE45+AI45+AM45+AQ45+AU45+AY45) -> 502725.68 | D45: =SUM(H45+L45+P45+T45+X45+AB45+AF45+AJ45+AN45+AR45+AV45+AZ45) -> 274542.86 | E45: =SUM(E6+E7+E11+E16+E23+E33+E37+E41) -> 2452542.6 | F45: =100/E45*C45 -> 20.498143 | G45: 142042.15 | H45: =SUM(H7+H11+H16+H23+H33+H37+H41) -> 31600 | I45: =SUM(I6+I7+I11+I16+I23+I33+I37+I41) -> 484217.75 | J45: =100/I45*G45 -> 29.334355 | K45: 71651.123 | L45: =SUM(L7+L11+L16+L23+L33+L37+L41) -> 16000 | M45: =SUM(M6+M7+M11+M16+M23+M33+M37+M41) -> 322346.13 | N45: =100/M45*K45 -> 22.228008 | O45: 29301.4 | P45: =SUM(P7+P11+P16+P23+P33+P37+P41) -> 34000 | Q45: =SUM(Q6+Q7+Q11+Q16+Q23+Q33+Q37+Q41) -> 125599.97 | R45: =100/Q45*O45 -> 23.329146 | S45: 16130.801 | T45: =SUM(T7+T11+T16+T23+T33+T37+T41) -> 16600 | U45: =SUM(U6+U7+U11+U16+U23+U33+U37+U41) -> 105125.03 | V45: =100/U45*S45 -> 15.344396 | W45: =SUM(MAI!D45) -> 21343.625 | X45: =SUM(X7+X11+X16+X23+X33+X37+X41) -> 16600 | Y45: =SUM(Y6+Y7+Y11+Y16+Y23+Y33+Y37+Y41) -> 204812.53 | Z45: =100/Y45*W45 -> 10.421054 | AA45: 20559.977 | AB45: =SUM(AB7+AB11+AB16+AB23+AB33+AB37+AB41) -> 45142.86 | AC45: =SUM(AC41+AC37+AC33+AC23+AC16+AC11+AC7+AC6) -> 270177.5 | AD45: =100/AC45*AA45 -> 7.6098034 | AE45: =SUM(IOC!K48) -> 9446.6875 | AF45: =SUM(AF7+AF11+AF16+AF23+AF33+AF37+AF41) -> 16600 | AG45: =SUM(AG6+AG7+AG11+AG16+AG23+AG33+AG37+AG41) -> 139010.22 | AH45: =100/AG45*AE45 -> 6.7956784 | AI45: =SUM(HIE!L48) -> 47632.423 | AJ45: =SUM(AJ7+AJ11+AJ16+AJ23+AJ33+AJ37+AJ41) -> 16600 | AK45: =SUM(AK6+AK7+AK11+AK16+AK23+AK33+AK37+AK41) -> 211999.5 | AL45: =100/AK45*AI45 -> 22.468177 | AM45: 83149.35 | AN45: =SUM(AN7+AN11+AN16+AN23+AN33+AN37+AN41) -> 16600 | AO45: =SUM(AO6+AO7+AO11+AO16+AO23+AO33+AO37+AO41) -> 181625 | AP45: =100/AO45*AM45 -> 45.780785 | AQ45: 15221.25 | AR45: =SUM(AR7+AR11+AR16+AR23+AR33+AR37+AR41) -> 16600 | AS45: =SUM(AS6+AS7+AS11+AS16+AS23+AS33+AS37+AS41) -> 63650 | AT45: =100/AS45*AQ45 -> 23.913983 | AU45: 14743.662 | AV45: =SUM(AV7+AV11+AV16+AV23+AV33+AV37+AV41) -> 31600 | AW45: =SUM(AW6+AW7+AW11+AW16+AW23+AW33+AW37+AW41) -> 130593.75 | AX45: =100/AW45*AU45 -> 11.289715 | AY45: ='CKR '!C44 -> 31503.226 | AZ45: =SUM(AZ7+AZ11+AZ16+AZ23+AZ33+AZ37+AZ41) -> 16600 | BA45: =SUM(BA6+BA7+BA11+BA16+BA23+BA33+BA37+BA41) -> 95125 | BB45: =100/BA45*AY45 -> 33.117715

Sheet MNU
C1: TOTAL COSTS
C2: Dir & Indir (EUR)
C3: ACTUAL
A4: GreenOfshoreTech MNU (Period M1 to M10) | B4: Task/ | C4: M1-M10
B5: WP
A6: Otherdirect Cost ( travel, equipment & Other goods and services)(ODC)
A7: Assessment of potential new value chains and selection of Topics for Call of Proposals | B7: WP1 | C7: =SUM(C8:C10) -> 8024.875
A8: Sustainable challenges, needs and trends of four industrial offshore sectors | B8: T1.1 | C8: =G14*1.25 -> 3265.9375
A9: Assessment of emerging technology trends and solutions | B9: T1.2 | C9: =G15*1.25 -> 1399.6875 | F9: Budget rate | H9: Actual | K9: 1PM iequals to | M9: 143.333
A10: Potential new value chains and selection of Call Topics | B10: T1.3 | C10: =G16*1.25 -> 3359.25 | F10: Project manager | H10: Project manager
A11: Methodologies and tools for cross-sectoral/-border collaboration and technology transfer | B11: WP2 | C11: =SUM(C12:C15) -> 5346.8063 | F11: hrs | G11: Salery rate | H11: hrs | I11: Salery rate
A12: Methologies and tools for cross-sectoral/-border collaboration and technology transfer | B12: T2.1 | C12: =G18*1.25 -> 1306.375 | G12: 74.65 | I12: 82
A13: Establishment of a Collaborative Virtual Environment | B13: T2.2 | C13: =G19*1.25 -> 4040.4313 | F13: =SUM(F14:F16) -> 86 | G13: =F13*G$12*(1+I$9) -> 6419.9 | H13: =SUM(H14:H16) -> 0 | I13: =H13*I$12*(1+I$9) -> 0 | J13: PM | K13: 0.6
A14: Establishment of a Survey tool | B14: T2.3 | C14: =G20*1.25 -> 0 | F14: 35 | G14: =F14*G$12*(1+I$9) -> 2612.75 | H14: 0 | I14: =H14*I$12*(1+I$9) -> 0
A15: Establishment of the GreenOffshoreTech Cluster Collaboration Platform | B15: T2.4 | C15: =G21*1.25 -> 0 | F15: 15 | G15: =F15*G$12*(1+I$9) -> 1119.75 | H15: 0 | I15: =H15*I$12*(1+I$9) -> 0
A16: Direct financial support to SMEs through a competitive Call for Proposals | B16: WP3 | C16: =SUM(C17:C22) -> 1306.375 | F16: 36 | G16: =F16*G$12*(1+I$9) -> 2687.4 | H16: 0 | I16: =H16*I$12*(1+I$9) -> 0
A17: Preparation of the Call for Proposals | B17: T3.1 | C17: =G23*1.25 -> 559.875 | F17: =SUM(F18:F21) -> 57.3 | G17: =F17*G$12*(1+I$9) -> 4277.445 | I17: =H17*I$12*(1+I$9) -> 0 | J17: PM | K17: 0.4
A18: Publication of the Call for Proposals and Proposal reception. | B18: T3.2 | C18: =G24*1.25 -> 466.5625 | F18: 14 | G18: =F18*G$12*(1+I$9) -> 1045.1 | H18: 0 | I18: =H18*I$12*(1+I$9) -> 0
A19: Evaluation and Selection of SMEs Proposals | B19: T3.3 | C19: =G25*1.25 -> 279.9375 | F19: 43.3 | G19: =F19*G$12*(1+I$9) -> 3232.345 | H19: 0 | I19: =H19*I$12*(1+I$9) -> 0
A20: Contracting with winner SMEs Projects | B20: T3.4 | C20: =G26*1.25 -> 0 | F20: 0 | G20: =F20*G$12*(1+I$9) -> 0 | H20: 0 | I20: =H20*I$12*(1+I$9) -> 0
A21: Payments and financial monitoring of winner SMEs Projects | B21: T3.5 | C21: =G27*1.25 -> 0 | F21: 0 | G21: =F21*G$12*(1+I$9) -> 0 | H21: 0 | I21: =H21*I$12*(1+I$9) -> 0
A22: Technical monitoring of winner SMEs Projects | B22: T3.6 | C22: =G28*1.25 -> 0 | F22: =SUM(F23:F28) -> 14 | G22: =F22*G$12*(1+I$9) -> 1045.1 | H22: =SUM(H23:H28) -> 0 | I22: =H22*I$12*(1+I$9) -> 0 | J22: PM | K22: 0.1
A23: Business Support Services to winner SMEs (preparation) | B23: WP4 | C23: =SUM(C24:C32) -> 6681.175 | F23: 6 | G23: =F23*G$12*(1+I$9) -> 447.9 | H23: 0 | I23: =H23*I$12*(1+I$9) -> 0
A24: Programme of Business Support Services to winner SMEs (prep) | B24: T4.1 | C24: =G30*1.25 -> 933.125 | F24: 5 | G24: =F24*G$12*(1+I$9) -> 373.25 | H24: 0 | I24: =H24*I$12*(1+I$9) -> 0
A25: Business Support Service #1 Business & Tech Academy | B25: T4.2 | C25: =G31*1.25 -> 0 | F25: 3 | G25: =F25*G$12*(1+I$9) -> 223.95 | H25: 0 | I25: =H25*I$12*(1+I$9) -> 0
A26: Business Support Service #2 Brokerage & B2B matchmaking events | B26: T4.3 | C26: =G32*1.25 -> 0 | F26: 0 | G26: =F26*G$12*(1+I$9) -> 0 | H26: 0 | I26: =H26*I$12*(1+I$9) -> 0
A27: Business Support Service #3 Access to Finance | B27: T4.4 | C27: =G33*1.25 -> 0 | F27: 0 | G27: =F27*G$12*(1+I$9) -> 0 | H27: 0 | I27: =H27*I$12*(1+I$9) -> 0
A28: Business Support Service #4 One-to-One Mentoring and Coaching (prep) | B28: T4.5 | C28: =G34*1.25 -> 0 | F28: 0 | G28: =F28*G$12*(1+I$9) -> 0 | H28: 0 | I28: =H28*I$12*(1+I$9) -> 0
A29: Business Support Service #5 Branding | B29: T4.6 | C29: =G35*1.25 -> 0 | F29: =SUM(F30:F38) -> 71.6 | G29: =F29*G$12*(1+I$9) -> 5344.94 | I29: =H29*I$12*(1+I$9) -> 0 | J29: PM | K29: 0.5
A30: Business Support Service #6 Internationalisation | B30: T4.7 | C30: =G36*1.25 -> 0 | F30: 10 | G30: =F30*G$12*(1+I$9) -> 746.5 | H30: 0 | I30: =H30*I$12*(1+I$9) -> 0
A31: Business Support Service #7 Investor pitching | B31: T4.8 | C31: =G37*1.25 -> 0 | F31: 0 | G31: =F31*G$12*(1+I$9) -> 0 | H31: 0 | I31: =H31*I$12*(1+I$9) -> 0
A32: Business Support Service #8 Investor rounds | B32: T4.9 | C32: =G38*1.25 -> 5748.05 | F32: 0 | G32: =F32*G$12*(1+I$9) -> 0 | H32: 0 | I32: =H32*I$12*(1+I$9) -> 0
A33: Large-scale Demonstrator (LSD) setup, validation, and impact assessment | B33: WP5 | C33: =SUM(C34:C36) -> 4189.7313 | F33: 0 | G33: =F33*G$12*(1+I$9) -> 0 | H33: 0 | I33: =H33*I$12*(1+I$9) -> 0
A34: Set-up of the GreenOffshoreTech LSD in GreenOffshoreTech regions | B34: T5.1 | C34: =G40*1.25 -> 2874.025 | F34: 0 | G34: =F34*G$12*(1+I$9) -> 0 | H34: 0 | I34: =H34*I$12*(1+I$9) -> 0
A35: Validation & Impact assessment of GreenOffshoreTech LSD (data collection) | B35: T5.2 | C35: =G41*1.25 -> 746.5 | F35: 0 | G35: =F35*G$12*(1+I$9) -> 0 | H35: 0 | I35: =H35*I$12*(1+I$9) -> 0
A36: Guidelines of Best Practice to foster cross-sector/-border collaboration and technology transfer through Clusters | B36: T5.3 | C36: =G42*1.25 -> 569.20625 | F36: 0 | G36: =F36*G$12*(1+I$9) -> 0 | H36: 0 | I36: =H36*I$12*(1+I$9) -> 0
A37: Communication, Dissemination, Exploitation & Sustainability | B37: WP6 | C37: =SUM(C38:C40) -> 8425.1856 | F37: 0 | G37: =F37*G$12*(1+I$9) -> 0 | H37: 0 | I37: =H37*I$12*(1+I$9) -> 0
A38: Communication plan and Communication activities | B38: T6.1 | C38: =G44*1.25 -> 6531.875 | F38: 61.6 | G38: =F38*G$12*(1+I$9) -> 4598.44 | H38: 0 | I38: =H38*I$12*(1+I$9) -> 0
A39: Dissemination strategy and Dissemination activities | B39: T6.2 | C39: =G45*1.25 -> 933.125 | F39: =SUM(F40:F42) -> 44.9 | G39: =F39*G$12*(1+I$9) -> 3351.785 | I39: =H39*I$12*(1+I$9) -> 0 | J39: PM | K39: 0.31
A40: Exploitation strategy, IPR and Sustainability | B40: T6.3 | C40: =G46*1.25 -> 960.18563 | F40: 30.8 | G40: =F40*G$12*(1+I$9) -> 2299.22 | H40: 0 | I40: =H40*I$12*(1+I$9) -> 0
A41: Project Management and Coordination | B41: WP7 | C41: =SUM(C42:C44) -> 108068.01 | F41: 8 | G41: =F41*G$12*(1+I$9) -> 597.2 | H41: 0 | I41: =H41*I$12*(1+I$9) -> 0
A42: Project coordination | B42: T7.1 | C42: =G48*1.25 -> 37674.922 | F42: 6.1 | G42: =F42*G$12*(1+I$9) -> 455.365 | H42: 0 | I42: =H42*I$12*(1+I$9) -> 0
A43: Project administration & Financial Management | B43: T7.2 | C43: =G49*1.25 -> 48909.747 | F43: =SUM(F44:F46) -> 90.29 | G43: =F43*G$12*(1+I$9) -> 6740.1485 | I43: =H43*I$12*(1+I$9) -> 0 | J43: PM | K43: 0.63
A44: Quality Assurance | B44: T7.3 | C44: =G50*1.25 -> 21483.337 | F44: 70 | G44: =F44*G$12*(1+I$9) -> 5225.5 | H44: 0 | I44: =H44*I$12*(1+I$9) -> 0
A45: TOTAL | C45: =SUM(C7+C11+C16+C23+C33+C37+C41) -> 142042.15 | F45: 10 | G45: =F45*G$12*(1+I$9) -> 746.5 | H45: 0 | I45: =H45*I$12*(1+I$9) -> 0
F46: 10.29 | G46: =F46*G$12*(1+I$9) -> 768.1485 | H46: 0 | I46: =H46*I$12*(1+I$9) -> 0
F47: =SUM(F48:F50) -> 1158.13 | G47: =F47*G$12*(1+I$9) -> 86454.405 | I47: =H47*I$12*(1+I$9) -> 0 | J47: PM | K47: 8.08
F48: 403.75 | G48: =F48*G$12*(1+I$9) -> 30139.938 | H48: 0 | I48: =H48*I$12*(1+I$9) -> 0
F49: 524.15 | G49: =F49*G$12*(1+I$9) -> 39127.798 | H49: 0 | I49: =H49*I$12*(1+I$9) -> 0
F50: 230.23 | G50: =F50*G$12*(1+I$9) -> 17186.669 | H50: 0 | I50: =H50*I$12*(1+I$9) -> 0
F51: =F13+F17+F22+F29+F39+F43+F47 -> 1522.22 | G51: =F51*G$12*(1+I$9) -> 113633.72 | H51: =H13+H17+H22+H29+H39+H43+H47 -> 0 | I51: =H51*I$12*(1+I$9) -> 0 | J51: PM | K51: =K13+K17+K22+K29+K39+K43+K47 -> 10.62

Sheet SCA
D2: TOTAL COSTS
B3: 10797.74 | D3: Dir & Indir (EUR)
D4: ACTUAL
B5: SCABERIA AS | C5: Task/ | D5: M1-M9
C6: WP
B7: Otherdirect Cost ( travel, equipment & Other goods and services)(ODC) | C7: ALL | D7: 0
B8: Assessment of potential new value chains and selection of Topics for Call of Proposals | C8: WP1 | D8: 13497.165
B9: Sustainable challenges, needs and trends of four industrial offshore sectors | C9: T1.1 | D9: 6648.4552
B10: Assessment of emerging technology trends and solutions | C10: T1.2 | D10: 3484.4313
B11: Potential new value chains and selection of Call Topics | C11: T1.3 | D11: 3364.2785
B12: Methodologies and tools for cross-sectoral/-border collaboration and technology transfer | C12: WP2 | D12: 3123.9729
B13: Methologies and tools for cross-sectoral/-border collaboration and technology transfer | C13: T2.1 | D13: 40.050935
B14: Establishment of a Collaborative Virtual Environment | C14: T2.2 | D14: 520.66216
B15: Establishment of a Survey tool | C15: T2.3 | D15: 1321.6809
B16: Establishment of the GreenOffshoreTech Cluster Collaboration Platform | C16: T2.4 | D16: 1241.579
B17: Direct financial support to SMEs through a competitive Call for Proposals | C17: WP3 | D17: 11374.466
B18: Preparation of the Call for Proposals | C18: T3.1 | D18: 10613.498
... B45: Quality Assurance | C45: T7.3 | D45: 720.91683
D46: =SUM(D8+D12+D17+D24+D34+D38+D42) -> 71651.123

Sheet FOC
D2: TOTAL COSTS
D3: Indir & DIR (EUR)
D4: ACTUAL
B5: GreenOffshoreTech - FÓRUM OCEANO | C5: Task/ | D5: M1-M9
C6: WP
B7: Otherdirect Cost ( travel, equipment & Other goods and services)(ODC) | C7: ALL | D7: 0
B8: Assessment of potential new value chains and selection of Topics for Call of Proposals | C8: WP1 | D8: =SUM(D9:D11)*1.25 -> 1875.625
B9: Sustainable challenges, needs and trends of four industrial offshore sectors | C9: T1.1 | D9: 780.13
B10: Assessment of emerging technology trends and solutions | C10: T1.2 | D10: 194.2
B11: Potential new value chains and selection of Call Topics | C11: T1.3 | D11: 526.17
B12: Methodologies and tools for cross-sectoral/-border collaboration and technology transfer | C12: WP2 | D12: =SUM(D13:D16)*1.25 -> 174.2875
B13: Methologies and tools for cross-sectoral/-border collaboration and technology transfer | C13: T2.1 | D13: 0
B14: Establishment of a Collaborative Virtual Environment | C14: T2.2 | D14: 0
B15: Establishment of a Survey tool | C15: T2.3 | D15: 139.43
B16: Establishment of the GreenOffshoreTech Cluster Collaboration Platform | C16: T2.4 | D16: 0
B17: Direct financial support to SMEs through a competitive Call for Proposals | C17: WP3 | D17: =SUM(D18:D23)*1.25 -> 2002.375
B18: Preparation of the Call for Proposals | C18: T3.1 | D18: 1601.9
B19: Publication of the Call for Proposals and Proposal reception. | C19: T3.2 | D19: 0
B20: Evaluation and Selection of SMEs Proposals | C20: T3.3 | D20: 0
B21: Contracting with winner SMEs Projects | C21: T3.4 | D21: 0
B22: Payments and financial monitoring of winner SMEs Projects | C22: T3.5 | D22: 0
B23: Technical monitoring of winner SMEs Projects | C23: T3.6 | D23: 0
B24: Business Support Services to winner SMEs (preparation) | C24: WP4 | D24: =SUM(D25:D33)*1.25 -> 58.1
B25: Programme of Business Support Services to winner SMEs (prep) | C25: T4.1 | D25: 46.48
B26: Business Support Service #1 Business & Tech Academy | C26: T4.2 | D26: 0
B27: Business Support Service #2 Brokerage & B2B matchmaking events | C27: T4.3 | D27: 0
B28: Business Support Service #3 Access to Finance | C28: T4.4 | D28: 0
B29: Business Support Service #4 One-to-One Mentoring and Coaching (prep) | C29: T4.5 | D29: 0
B30: Business Support Service #5 Branding | C30: T4.6 | D30: 0
B31: Business Support Service #6 Internationalisation | C31: T4.7 | D31: 0
B32: Business Support Service #7 Investor pitching | C32: T4.8 | D32: 0
B33: Business Support Service #8 Investor rounds | C33: T4.9 | D33: 0
B34: Large-scale Demonstrator (LSD) setup, validation, and impact assessment | C34: WP5 | D34: =SUM(D35:D37)*1.25 -> 87.15
B35: Set-up of the GreenOffshoreTech LSD in GreenOffshoreTech regions | C35: T5.1 | D35: 69.72
B36: Validation & Impact assessment of GreenOffshoreTech LSD (data collection) | C36: T5.2 | D36: 0
B37: Guidelines of Best Practice to foster cross-sector/-border collaboration and technology transfer through Clusters | C37: T5.3 | D37: 0
B38: Communication, Dissemination, Exploitation & Sustainability | C38: WP6 | D38: =SUM(D39:D41)*1.25 -> 25103.862
B39: Communication plan and Communication activities | C39: T6.1 | D39: =9569.4+7278.1 -> 16847.5
B40: Dissemination strategy and Dissemination activities | C40: T6.2 | D40: =3235.59 -> 3235.59
B41: Exploitation strategy, IPR and Sustainability | C41: T6.3 | D41: 0
B42: Project Management and Coordination | C42: WP7 | D42: =SUM(D43:D45)*1.25 -> 0
B43: Project coordination | C43: T7.1 | D43: 0
B44: Project administration & Financial Management | C44: T7.2 | D44: 0
B45: Quality Assurance | C45: T7.3 | D45: 0
B46: TOTAL | D46: =D8+D12+D17+D24+D34+D38+D42 -> 29301.4

Sheet CLTV
G4: TOTAL COSTS | I4: TOTAL COSTS
G5: DIR | I5: Indir & DIR
G6: ACTUAL | I6: ACTUAL
E7: GreenOfshoreTech PARTNER NAME | F7: Task/ | G7: M1-M9 | I7: M1-M9
F8: WP
E9: Otherdirect Cost ( travel, equipment & Other goods and services)(ODC) | F9: ALL | G9: 0 | I9: 0
E10: Assessment of potential new value chains and selection of Topics for Call of Proposals | F10: WP1 | G10: =SUM(G11:G13) -> 5458.7342 | I10: =SUM(I11:I13) -> 6823.4177
E11: Sustainable challenges, needs and trends of four industrial offshore sectors | F11: T1.1 | G11: 406.94455 | I11: =SUM(G11:H11)*1.25 -> 508.68068
E12: Assessment of emerging technology trends and solutions | F12: T1.2 | G12: 2033.141 | I12: =SUM(G12:H12)*1.25 -> 2541.4263
E13: Potential new value chains and selection of Call Topics | F13: T1.3 | G13: 3018.6486 | I13: =SUM(G13:H13)*1.25 -> 3773.3108
E14: Methodologies and tools for cross-sectoral/-border collaboration and technology transfer | F14: WP2 | G14: =SUM(G15:G17) -> 2969.5444 | I14: =SUM(I15:I17) -> 3711.9305
E15: Methologies and tools for cross-sectoral/-border collaboration and technology transfer | F15: T2.1 | G15: 1453.0095 | I15: =SUM(G15)*1.25 -> 1816.2619
E16: Establishment of a Collaborative Virtual Environment | F16: T2.2 | G16: 0 | I16: =SUM(G16)*1.25 -> 0
E17: Establishment of a Survey tool | F17: T2.3 | G17: 1516.5348 | I17: =SUM(G17)*1.25 -> 1895.6686
E18: Establishment of the GreenOffshoreTech Cluster Collaboration Platform | F18: T2.4 | G18: 199.31415 | I18: =SUM(G18)*1.25 -> 249.14268
E19: Direct financial support to SMEs through a competitive Call for Proposals | F19: WP3 | G19: =SUM(G20:G22) -> 769.92837 | I19: =SUM(I20:I22) -> 962.41046
E20: Preparation of the Call for Proposals | F20: T3.1 | G20: 769.92837 | I20: =SUM(G20)*1.25 -> 962.41046
E21: Publication of the Call for Proposals and Proposal reception. | F21: T3.2 | G21: 0 | I21: =SUM(G21)*1.25 -> 0
E22: Evaluation and Selection of SMEs Proposals | F22: T3.3 | G22: 0 | I22: =SUM(G22)*1.25 -> 0
E23: Contracting with winner SMEs Projects | F23: T3.4 | G23: 0 | I23: =SUM(G23)*1.25 -> 0
E24: Payments and financial monitoring of winner SMEs Projects | F24: T3.5 | G24: 0 | I24: =SUM(G24)*1.25 -> 0
E25: Technical monitoring of winner SMEs Projects | F25: T3.6 | G25: 0 | I25: =SUM(G25)*1.25 -> 0
E26: Business Support Services to winner SMEs (preparation) | F26: WP4 | G26: =SUM(G27:G35) -> 476.15575 | I26: =SUM(I27:I35) -> 595.19468
E27: Programme of Business Support Services to winner SMEs (prep) | F27: T4.1 | G27: 0 | I27: =SUM(G27)*1.25 -> 0
E28: Business Support Service #1 Business & Tech Academy | F28: T4.2 | G28: 0 | I28: =SUM(G28)*1.25 -> 0
E29: Business Support Service #2 Brokerage & B2B matchmaking events | F29: T4.3 | G29: 0 | I29: =SUM(G29)*1.25 -> 0
E30: Business Support Service #3 Access to Finance | F30: T4.4 | G30: 0 | I30: =SUM(G30)*1.25 -> 0
E31: Business Support Service #4 One-to-One Mentoring and Coaching (prep) | F31: T4.5 | G31: 0 | I31: =SUM(G31)*1.25 -> 0
E32: Business Support Service #5 Branding | F32: T4.6 | G32: 0 | I32: =SUM(G32)*1.25 -> 0
E33: Business Support Service #6 Internationalisation | F33: T4.7 | G33: 0 | I33: =SUM(G33)*1.25 -> 0
E34: Business Support Service #7 Investor pitching | F34: T4.8 | G34: 476.15575 | I34: =SUM(G34)*1.25 -> 595.19468
E35: Business Support Service #8 Investor rounds | F35: T4.9 | G35: 0 | I35: =SUM(G35)*1.25 -> 0
E36: Large-scale Demonstrator (LSD) setup, validation, and impact assessment | F36: WP5 | G36: =SUM(G37:G39) -> 560.07209 | I36: =SUM(I37:I39) -> 700.09011
E37: Set-up of the GreenOffshoreTech LSD in GreenOffshoreTech regions | F37: T5.1 | G37: 560.07209 | I37: =SUM(G37)*1.25 -> 700.09011
E38: Validation & Impact assessment of GreenOffshoreTech LSD (data collection) | F38: T5.2 | G38: 0 | I38: =SUM(G38)*1.25 -> 0
E39: Guidelines of Best Practice to foster cross-sector/-border collaboration and technology transfer through Clusters | F39: T5.3 | G39: 0 | I39: =SUM(G39)*1.25 -> 0
E40: Communication, Dissemination, Exploitation & Sustainability | F40: WP6 | G40: =SUM(G41:G43) -> 2670.2063 | I40: =SUM(I41:I43) -> 3337.7579
E41: Communication plan and Communication activities | F41: T6.1 | G41: 367.39575 | I41: =SUM(G41)*1.25 -> 459.24468
E42: Dissemination strategy and Dissemination activities | F42: T6.2 | G42: 2302.8105 | I42: =SUM(G42)*1.25 -> 2878.5132
E43: Exploitation strategy, IPR and Sustainability | F43: T6.3 | G43: 0 | I43: =SUM(G43)*1.25 -> 0
E44: Project Management and Coordination | F44: WP7 | G44: =SUM(G45:G47) -> 0 | I44: =SUM(I45:I47) -> 0
E45: Project coordination | F45: T7.1 | G45: 0 | I45: =SUM(G45)*1.25 -> 0
E46: Project administration & Financial Management | F46: T7.2 | G46: 0 | I46: =SUM(G46)*1.25 -> 0
E47: Quality Assurance | F47: T7.3 | G47: 0 | I47: =SUM(G47)*1.25 -> 0
E48: TOTAL | G48: =SUM(G10+G14+G19+G26+G36+G40+G44) -> 12904.641 | I48: =SUM(I10+I14+I19+I26+I36+I40+I44) -> 16130.801

Sheet MAI
D1: TOTAL COSTS
D2: Dir & Indir (EUR)
D3: ACTUAL
B4: MAI Carbon | C4: Task/ | D4: M1-M8
C5: WP
B6: Otherdirect Cost ( travel, equipment & Other goods and services)(ODC) | C6: ALL | D6: 0
B7: Assessment of potential new value chains and selection of Topics for Call of Proposals | C7: WP1 | D7: =SUM(D8:D10) -> 12627.337
B8: Sustainable challenges, needs and trends of four industrial offshore sectors | C8: T1.1 | D8: 0
B9: Assessment of emerging technology trends and solutions | C9: T1.2 | D9: 5070.8375
B10: Potential new value chains and selection of Call Topics | C10: T1.3 | D10: 7556.5
B11: Methodologies and tools for cross-sectoral/-border collaboration and technology transfer | C11: WP2 | D11: =SUM(D12:D15) -> 0
B12: Methologies and tools for cross-sectoral/-border collaboration and technology transfer | C12: T2.1 | D12: 0
B13: Establishment of a Collaborative Virtual Environment | C13: T2.2 | D13: 0
B14: Establishment of a Survey tool | C14: T2.3 | D14: 0
B15: Establishment of the GreenOffshoreTech Cluster Collaboration Platform | C15: T2.4 | D15: 0
B16: Direct financial support to SMEs through a competitive Call for Proposals | C16: WP3 | D16: =SUM(D17:D22) -> 0
B17: Preparation of the Call for Proposals | C17: T3.1 | D17: 0
B18: Publication of the Call for Proposals and Proposal reception. | C18: T3.2 | D18: 0
B19: Evaluation and Selection of SMEs Proposals | C19: T3.3 | D19: 0
B20: Contracting with winner SMEs Projects | C20: T3.4 | D20: 0
B21: Payments and financial monitoring of winner SMEs Projects | C21: T3.5 | D21: 0
B22: Technical monitoring of winner SMEs Projects | C22: T3.6 | D22: 0
B23: Business Support Services to winner SMEs (preparation) | C23: WP4 | D23: =SUM(D24:D32) -> 4120.2875
B24: Programme of Business Support Services to winner SMEs (prep) | C24: T4.1 | D24: 4120.2875
B25: Business Support Service #1 Business & Tech Academy | C25: T4.2 | D25: 0
B26: Business Support Service #2 Brokerage & B2B matchmaking events | C26: T4.3 | D26: 0
B27: Business Support Service #3 Access to Finance | C27: T4.4 | D27: 0
B28: Business Support Service #4 One-to-One Mentoring and Coaching (prep) | C28: T4.5 | D28: 0
B29: Business Support Service #5 Branding | C29: T4.6 | D29: 0
B30: Business Support Service #6 Internationalisation | C30: T4.7 | D30: 0
B31: Business Support Service #7 Investor pitching | C31: T4.8 | D31: 0
B32: Business Support Service #8 Investor rounds | C32: T4.9 | D32: 0
B33: Large-scale Demonstrator (LSD) setup, validation, and impact assessment | C33: WP5 | D33: =SUM(D34:D36) -> 0
B34: Set-up of the GreenOffshoreTech LSD in GreenOffshoreTech regions | C34: T5.1 | D34: 0
B35: Validation & Impact assessment of GreenOffshoreTech LSD (data collection) | C35: T5.2 | D35: 0
B36: Guidelines of Best Practice to foster cross-sector/-border collaboration and technology transfer through Clusters | C36: T5.3 | D36: 0
B37: Communication, Dissemination, Exploitation & Sustainability | C37: WP6 | D37: =SUM(D38:D40) -> 4596
B38: Communication plan and Communication activities | C38: T6.1 | D38: 4596
B39: Dissemination strategy and Dissemination activities | C39: T6.2 | D39: 0
B40: Exploitation strategy, IPR and Sustainability | C40: T6.3 | D40: 0
B41: Project Management and Coordination | C41: WP7 | D41: =SUM(D42:D44) -> 0
B42: Project coordination | C42: T7.1 | D42: 0
B43: Project administration & Financial Management | C43: T7.2 | D43: 0
B44: Quality Assurance | C44: T7.3 | D44: 0
B45: TOTAL | D45: 21343.625

Sheet BIN
C2: TOTAL COSTS
C3: Dir & Indir (EUR) | E3: Ind. Costs flat rate | H3: 0.25
C4: ACTUAL | E4: Project manager | G4: Assistant
A5: GreenOfshoreTech BIN (Periode1, 09/21-06/22) | B5: Task/ | C5: M1-M9 | E5: hrs | F5: Salery rate | G5: hrs | H5: Salery rate
B6: WP | F6: 65.35 | H6: 50.11
A7: Otherdirect Cost ( travel, equipment & Other goods and services)(ODC) | B7: ALL | C7: 0
A8: Assessment of potential new value chains and selection of Topics for Call of Proposals | B8: WP1 | C8: =SUM(F8+H8)*1.25 -> 16250.922 | E8: =SUM(E9:E11) -> 146.5 | F8: =E8*F$6*(1+H$3) -> 11967.219 | G8: =SUM(G9:G11) -> 16.5 | H8: =G8*H$6*(1+H$3) -> 1033.5187
A9: Sustainable challenges, needs and trends of four industrial offshore sectors | B9: T1.1 | C9: =F9+H9 -> 3222.6188 | E9: 36 | F9: =E9*F$6*(1+H$3) -> 2940.75 | G9: 4.5 | H9: =G9*H$6*(1+H$3) -> 281.86875
A10: Assessment of emerging technology trends and solutions | B10: T1.2 | C10: =F10+H10 -> 7450.025 | E10: 82 | F10: =E10*F$6*(1+H$3) -> 6698.375 | G10: 12 | H10: =G10*H$6*(1+H$3) -> 751.65
A11: Potential new value chains and selection of Call Topics | B11: T1.3 | C11: =F11+H11 -> 2328.0938 | E11: 28.5 | F11: =E11*F$6*(1+H$3) -> 2328.0938 | G11: 0 | H11: =G11*H$6*(1+H$3) -> 0
A12: Methodologies and tools for cross-sectoral/-border collaboration and technology transfer | B12: WP2 | C12: =F12*1.25 -> 816.875 | E12: =SUM(E13:E16) -> 8 | F12: =E12*F$6*(1+H$3) -> 653.5 | H12: =G12*H$6*(1+H$3) -> 0
A13: Methologies and tools for cross-sectoral/-border collaboration and technology transfer | B13: T2.1 | C13: =F13 -> 163.375 | E13: 2 | F13: =E13*F$6*(1+H$3) -> 163.375 | G13: 0 | H13: =G13*H$6*(1+H$3) -> 0
A14: Establishment of a Collaborative Virtual Environment | B14: T2.2 | C14: =F14 -> 0 | E14: 0 | F14: =E14*F$6*(1+H$3) -> 0 | G14: 0 | H14: =G14*H$6*(1+H$3) -> 0
A15: Establishment of a Survey tool | B15: T2.3 | C15: =F15 -> 245.0625 | E15: 3 | F15: =E15*F$6*(1+H$3) -> 245.0625 | G15: 0 | H15: =G15*H$6*(1+H$3) -> 0
A16: Establishment of the GreenOffshoreTech Cluster Collaboration Platform | B16: T2.4 | C16: =F16 -> 245.0625 | E16: 3 | F16: =E16*F$6*(1+H$3) -> 245.0625 | G16: 0 | H16: =G16*H$6*(1+H$3) -> 0
A17: Direct financial support to SMEs through a competitive Call for Proposals | B17: WP3 | C17: =F17+H17*1.25 -> 1705.2656 | E17: =SUM(E18:E23) -> 18 | F17: =E17*F$6*(1+H$3) -> 1470.375 | G17: =SUM(G18:G23) -> 3 | H17: =G17*H$6*(1+H$3) -> 187.9125
A18: Preparation of the Call for Proposals | B18: T3.1 | C18: =SUM(F18+H18) -> 816.875 | E18: 10 | F18: =E18*F$6*(1+H$3) -> 816.875 | G18: 0 | H18: =G18*H$6*(1+H$3) -> 0
A19: Publication of the Call for Proposals and Proposal reception. | B19: T3.2 | C19: =SUM(F19+H19) -> 841.4125 | E19: 8 | F19: =E19*F$6*(1+H$3) -> 653.5 | G19: 3 | H19: =G19*H$6*(1+H$3) -> 187.9125
A20: Evaluation and Selection of SMEs Proposals | B20: T3.3 | C20: =SUM(F20+H20) -> 0 | E20: 0 | F20: =E20*F$6*(1+H$3) -> 0 | G20: 0 | H20: =G20*H$6*(1+H$3) -> 0
A21: Contracting with winner SMEs Projects | B21: T3.4 | C21: =SUM(F21+H21) -> 0 | E21: 0 | F21: =E21*F$6*(1+H$3) -> 0 | G21: 0 | H21: =G21*H$6*(1+H$3) -> 0
A22: Payments and financial monitoring of winner SMEs Projects | B22: T3.5 | C22: =SUM(F22+H22) -> 0 | E22: 0 | F22: =E22*F$6*(1+H$3) -> 0 | G22: 0 | H22: =G22*H$6*(1+H$3) -> 0
A23: Technical monitoring of winner SMEs Projects | B23: T3.6 | C23: =SUM(F23+H23) -> 0 | E23: 0 | F23: =E23*F$6*(1+H$3) -> 0 | G23: 0 | H23: =G23*H$6*(1+H$3) -> 0
A24: Business Support Services to winner SMEs (preparation) | B24: WP4 | C24: =SUM(F24+H24)*1.25 -> 816.875 | E24: =SUM(E25:E33) -> 8 | F24: =E24*F$6*(1+H$3) -> 653.5 | H24: =G24*H$6*(1+H$3) -> 0
A25: Programme of Business Support Services to winner SMEs (prep) | B25: T4.1 | C25: =SUM(F25+H25) -> 81.6875 | E25: 1 | F25: =E25*F$6*(1+H$3) -> 81.6875 | G25: 0 | H25: =G25*H$6*(1+H$3) -> 0
A26: Business Support Service #1 Business & Tech Academy | B26: T4.2 | C26: =SUM(F26+H26) -> 245.0625 | E26: 3 | F26: =E26*F$6*(1+H$3) -> 245.0625 | G26: 0 | H26: =G26*H$6*(1+H$3) -> 0
A27: Business Support Service #2 Brokerage & B2B matchmaking events | B27: T4.3 | C27: =SUM(F27+H27) -> 326.75 | E27: 4 | F27: =E27*F$6*(1+H$3) -> 326.75 | G27: 0 | H27: =G27*H$6*(1+H$3) -> 0
A28: Business Support Service #3 Access to Finance | B28: T4.4 | C28: =SUM(F28+H28) -> 0 | E28: 0 | F28: =E28*F$6*(1+H$3) -> 0 | G28: 0 | H28: =G28*H$6*(1+H$3) -> 0
A29: Business Support Service #4 One-to-One Mentoring and Coaching (prep) | B29: T4.5 | C29: =SUM(F29+H29) -> 0 | E29: 0 | F29: =E29*F$6*(1+H$3) -> 0 | G29: 0 | H29: =G29*H$6*(1+H$3) -> 0
A30: Business Support Service #5 Branding | B30: T4.6 | C30: =SUM(F30+H30) -> 0 | E30: 0 | F30: =E30*F$6*(1+H$3) -> 0 | G30: 0 | H30: =G30*H$6*(1+H$3) -> 0
A31: Business Support Service #6 Internationalisation | B31: T4.7 | C31: =SUM(F31+H31) -> 0 | E31: 0 | F31: =E31*F$6*(1+H$3) -> 0 | G31: 0 | H31: =G31*H$6*(1+H$3) -> 0
A32: Business Support Service #7 Investor pitching | B32: T4.8 | C32: =SUM(F32+H32) -> 0 | E32: 0 | F32: =E32*F$6*(1+H$3) -> 0 | G32: 0 | H32: =G32*H$6*(1+H$3) -> 0
A33: Business Support Service #8 Investor rounds | B33: T4.9 | C33: =SUM(F33+H33) -> 0 | E33: 0 | F33: =E33*F$6*(1+H$3) -> 0 | G33: 0 | H33: =G33*H$6*(1+H$3) -> 0
A34: Large-scale Demonstrator (LSD) setup, validation, and impact assessment | B34: WP5 | C34: 0 | E34: =SUM(E35:E37) -> 0 | F34: =E34*F$6*(1+H$3) -> 0 | H34: =G34*H$6*(1+H$3) -> 0
A35: Set-up of the GreenOffshoreTech LSD in GreenOffshoreTech regions | B35: T5.1 | C35: 0 | E35: 0 | F35: =E35*F$6*(1+H$3) -> 0 | G35: 0 | H35: =G35*H$6*(1+H$3) -> 0
A36: Validation & Impact assessment of GreenOffshoreTech LSD (data collection) | B36: T5.2 | C36: 0 | E36: 0 | F36: =E36*F$6*(1+H$3) -> 0 | G36: 0 | H36: =G36*H$6*(1+H$3) -> 0
A37: Guidelines of Best Practice to foster cross-sector/-border collaboration and technology transfer through Clusters | B37: T5.3 | C37: 0 | E37: 0 | F37: =E37*F$6*(1+H$3) -> 0 | G37: 0 | H37: =G37*H$6*(1+H$3) -> 0
A38: Communication, Dissemination, Exploitation & Sustainability | B38: WP6 | C38: =SUM(F38+H38)*1.25 -> 510.54688 | E38: =SUM(E39:E41) -> 5 | F38: =E38*F$6*(1+H$3) -> 408.4375 | H38: =G38*H$6*(1+H$3) -> 0
A39: Communication plan and Communication activities | B39: T6.1 | C39: =SUM(F39+H39) -> 408.4375 | E39: 5 | F39: =E39*F$6*(1+H$3) -> 408.4375 | G39: 0 | H39: =G39*H$6*(1+H$3) -> 0
A40: Dissemination strategy and Dissemination activities | B40: T6.2 | C40: 0 | E40: 0 | F40: =E40*F$6*(1+H$3) -> 0 | G40: 0 | H40: =G40*H$6*(1+H$3) -> 0
A41: Exploitation strategy, IPR and Sustainability | B41: T6.3 | C41: 0 | E41: 0 | F41: =E41*F$6*(1+H$3) -> 0 | G41: 0 | H41: =G41*H$6*(1+H$3) -> 0
A42: Project Management and Coordination | B42: WP7 | C42: =SUM(F42+H42)*1.25 -> 459.49219 | E42: =SUM(E43:E45) -> 4.5 | F42: =E42*F$6*(1+H$3) -> 367.59375 | H42: =G42*H$6*(1+H$3) -> 0
A43: Project coordination | B43: T7.1 | C43: =SUM(F43+H43) -> 0 | E43: 0 | F43: =E43*F$6*(1+H$3) -> 0 | G43: 0 | H43: =G43*H$6*(1+H$3) -> 0
A44: Project administration & Financial Management | B44: T7.2 | C44: =SUM(F44+H44) -> 0 | E44: 0 | F44: =E44*F$6*(1+H$3) -> 0 | G44: 0 | H44: =G44*H$6*(1+H$3) -> 0
A45: Quality Assurance | B45: T7.3 | C45: =SUM(F45+H45) -> 367.59375 | E45: 4.5 | F45: =E45*F$6*(1+H$3) -> 367.59375 | G45: 0 | H45: =G45*H$6*(1+H$3) -> 0
A46: TOTAL | C46: =SUM(C8+C12+C17+C24+C34+C38+C42) -> 20559.977 | E46: =E8+E12+E17+E24+E34+E38+E42 -> 190 | F46: =E46*F$6*(1+H$3) -> 15520.625 | G46: =G8+G12+G17+G24+G34+G38+G42 -> 19.5 | H46: =G46*H$6*(1+H$3) -> 1221.4313

Sheet IOC
G3: (to May) | K3: (to May)
G4: TOTAL COSTS | K4: TOTAL COSTS
G5: Dir & Indir (EUR) | K5: Dir & Indir (EUR)
G6: ACTUAL | K6: ACTUAL
E7: GreenOfshoreTech Iceland Ocean Cluster | F7: Task/ | G7: M1-M9 | K7: M1-M9
F8: WP | I8: Hours/task
E9: Otherdirect Cost ( travel, equipment & Other goods and services)(ODC) | K9: 0
E10: Assessment of potential new value chains and selection of Topics for Call of Proposals | F10: WP1 | G10: =SUM(G11:G13)*1.25 -> 2402.5312 | I10: =SUM(I11:I13) -> 36.75 | K10: =SUM(K11:K13) -> 2402.5312
E11: Sustainable challenges, needs and trends of four industrial offshore sectors | F11: T1.1 | G11: =I11*52.3 -> 248.425 | I11: =4.75 -> 4.75 | K11: =SUM(G11*1.25) -> 310.53125
E12: Assessment of emerging technology trends and solutions | F12: T1.2 | G12: =I12*52.3 -> 1176.75 | I12: =16.25+6.25 -> 22.5 | K12: =SUM(G12*1.25) -> 1470.9375
E13: Potential new value chains and selection of Call Topics | F13: T1.3 | G13: =I13*52.3 -> 496.85 | I13: =9.5 -> 9.5 | K13: =SUM(G13*1.25) -> 621.0625
E14: Methodologies and tools for cross-sectoral/-border collaboration and technology transfer | F14: WP2 | G14: =SUM(G15:G18)*1.25 -> 555.6875 | I14: =SUM(I15:I18) -> 8.5 | K14: =SUM(K15:K18) -> 555.6875
E15: Methologies and tools for cross-sectoral/-border collaboration and technology transfer | F15: T2.1 | G15: =I15*52.3 -> 0 | I15: 0 | K15: =SUM(G15*1.25) -> 0
E16: Establishment of a Collaborative Virtual Environment | F16: T2.2 | G16: =I16*52.3 -> 0 | I16: 0 | K16: =SUM(G16*1.25) -> 0
E17: Establishment of a Survey tool | F17: T2.3 | G17: =I17*52.3 -> 0 | I17: 0 | K17: =SUM(G17*1.25) -> 0
E18: Establishment of the GreenOffshoreTech Cluster Collaboration Platform | F18: T2.4 | G18: =I18*52.3 -> 444.55 | I18: =3.5+5 -> 8.5 | K18: =SUM(G18*1.25) -> 555.6875
E19: Direct financial support to SMEs through a competitive Call for Proposals | F19: WP3 | G19: =SUM(G20:G25)*1.25 -> 1307.5 | I19: =SUM(I20:I25) -> 20 | K19: =SUM(K20:K25) -> 1307.5
E20: Preparation of the Call for Proposals | F20: T3.1 | G20: =I20*52.3 -> 836.8 | I20: =2.5+9.5+4 -> 16 | K20: =SUM(G20*1.25) -> 1046
E21: Publication of the Call for Proposals and Proposal reception. | F21: T3.2 | G21: =I21*52.3 -> 209.2 | I21: =4 -> 4 | K21: =SUM(G21*1.25) -> 261.5
E22: Evaluation and Selection of SMEs Proposals | F22: T3.3 | G22: =I22*52.3 -> 0 | I22: 0 | K22: =SUM(G22*1.25) -> 0
E23: Contracting with winner SMEs Projects | F23: T3.4 | G23: =I23*52.3 -> 0 | I23: 0 | K23: =SUM(G23*1.25) -> 0
E24: Payments and financial monitoring of winner SMEs Projects | F24: T3.5 | G24: =I24*52.3 -> 0 | I24: 0 | K24: =SUM(G24*1.25) -> 0
E25: Technical monitoring of winner SMEs Projects | F25: T3.6 | G25: =I25*52.3 -> 0 | I25: 0 | K25: =SUM(G25*1.25) -> 0
E26: Business Support Services to winner SMEs (preparation) | F26: WP4 | G26: 0 | I26: 0 | K26: =SUM(K27:K35) -> 0
E27: Programme of Business Support Services to winner SMEs (prep) | F27: T4.1 | G27: 0 | I27: 0 | K27: =SUM(G27*1.25) -> 0
E28: Business Support Service #1 Business & Tech Academy | F28: T4.2 | G28: 0 | I28: 0 | K28: =SUM(G28*1.25) -> 0
E29: Business Support Service #2 Brokerage & B2B matchmaking events | F29: T4.3 | G29: 0 | I29: 0 | K29: =SUM(G29*1.25) -> 0
E30: Business Support Service #3 Access to Finance | F30: T4.4 | G30: 0 | I30: 0 | K30: =SUM(G30*1.25) -> 0
E31: Business Support Service #4 One-to-One Mentoring and Coaching (prep) | F31: T4.5 | G31: 0 | I31: 0 | K31: =SUM(G31*1.25) -> 0
E32: Business Support Service #5 Branding | F32: T4.6 | G32: 0 | I32: 0 | K32: =SUM(G32*1.25) -> 0
E33: Business Support Service #6 Internationalisation | F33: T4.7 | G33: 0 | I33: 0 | K33: =SUM(G33*1.25) -> 0
E34: Business Support Service #7 Investor pitching | F34: T4.8 | G34: 0 | I34: 0 | K34: =SUM(G34*1.25) -> 0
E35: Business Support Service #8 Investor rounds | F35: T4.9 | G35: 0 | I35: 0 | K35: =SUM(G35*1.25) -> 0
E36: Large-scale Demonstrator (LSD) setup, validation, and impact assessment | F36: WP5 | G36: =SUM(G37:G39)*1.25 -> 359.5625 | I36: =SUM(I37:I39) -> 5.5 | K36: =SUM(K37:K39) -> 359.5625
E37: Set-up of the GreenOffshoreTech LSD in GreenOffshoreTech regions | F37: T5.1 | G37: =I37*52.3 -> 287.65 | I37: =3.5+2 -> 5.5 | K37: =SUM(G37*1.25) -> 359.5625
E38: Validation & Impact assessment of GreenOffshoreTech LSD (data collection) | F38: T5.2 | G38: =I38*52.3 -> 0 | I38: 0 | K38: =SUM(G38*1.25) -> 0
E39: Guidelines of Best Practice to foster cross-sector/-border collaboration and technology transfer through Clusters | F39: T5.3 | G39: =I39*52.3 -> 0 | I39: 0 | K39: =SUM(G39*1.25) -> 0
E40: Communication, Dissemination, Exploitation & Sustainability | F40: WP6 | G40: =SUM(G41:G43)*1.25 -> 4821.4062 | I40: =SUM(I41:I43) -> 73.75 | K40: =SUM(K41:K43) -> 4821.4062
E41: Communication plan and Communication activities | F41: T6.1 | G41: =I41*52.3 -> 3857.125 | I41: =2.5+32.25+4+2.5+1+2+2.5+2+2+15+8 -> 73.75 | K41: =SUM(G41*1.25) -> 4821.4062
E42: Dissemination strategy and Dissemination activities | F42: T6.2 | G42: =I42*52.3 -> 0 | I42: 0 | K42: =SUM(G42*1.25) -> 0
E43: Exploitation strategy, IPR and Sustainability | F43: T6.3 | G43: =I43*52.3 -> 0 | I43: 0 | K43: =SUM(G43*1.25) -> 0
E44: Project Management and Coordination | F44: WP7 | G44: 0 | I44: 0 | K44: =SUM(K45:K47) -> 0
E45: Project coordination | F45: T7.1 | G45: 0 | I45: 0 | K45: =SUM(G45*1.25) -> 0
E46: Project administration & Financial Management | F46: T7.2 | G46: 0 | I46: 0 | K46: =SUM(G46*1.25) -> 0
E47: Quality Assurance | F47: T7.3 | G47: 0 | I47: 0 | K47: =SUM(G47*1.25) -> 0
E48: TOTAL | G48: =SUM(G10+G14+G19+G26+G36+G40+G44) -> 9446.6875 | I48: =I10+I14+I19+I26+I36+I40+I44 -> 144.5 | K48: =SUM(K10+K14+K19+K26+K36+K40+K44) -> 9446.6875

Sheet HIE
E2: HIE
K3: INCLDING IND COST
G4: TOTAL COSTS | I4: TOTAL COSTS | L4: TOTAL COSTS
G5: Dir & Indir (EUR) | I5: Dir (EUR) | L5: Dir & Indir (EUR)
G6: ACTUAL | I6: ACTUAL | L6: ACTUAL
E7: GreenOfshoreTech PARTNER NAME | F7: Task/ | G7: M1-M9 | I7: M1-M9 | L7: M1-M9
F8: WP
E9: Otherdirect Cost ( travel, equipment & Other goods and services)(ODC) | F9: All | G9: 4611 | I9: 4611 | L9: =SUM(G9*1.25) -> 5763.75
E10: Assessment of potential new value chains and selection of Topics for Call of Proposals | F10: WP1 | G10: =SUM(G11:G13)*1.25 -> 15319.057 | I10: =SUM(I11:I13) -> 15319.057 | L10: =SUM(L11:L13) -> 12255.246
E11: Sustainable challenges, needs and trends of four industrial offshore sectors | F11: T1.1 | G11: 11586.268 | I11: =SUM(G11*1.25) -> 14482.835 | L11: 11586.268
E12: Assessment of emerging technology trends and solutions | F12: T1.2 | G12: 411.67883 | I12: =SUM(G12*1.25) -> 514.59853 | L12: 411.67883
E13: Potential new value chains and selection of Call Topics | F13: T1.3 | G13: 257.29927 | I13: =SUM(G13*1.25) -> 321.62408 | L13: 257.29927
E14: Methodologies and tools for cross-sectoral/-border collaboration and technology transfer | F14: WP2 | G14: =SUM(G15:G18)*1.25 -> 15281.059 | I14: =SUM(I15:I19) -> 21820.31 | L14: =SUM(L15:L18) -> 15281.059
E15: Methologies and tools for cross-sectoral/-border collaboration and technology transfer | F15: T2.1 | G15: 11710.249 | I15: =SUM(G15*1.25) -> 14637.811 | L15: =SUM(G15*1.25) -> 14637.811
E16: Establishment of a Collaborative Virtual Environment | F16: T2.2 | G16: 514.59853 | I16: =SUM(G16*1.25) -> 643.24817 | L16: =SUM(G16*1.25) -> 643.24817
E17: Establishment of a Survey tool | F17: T2.3 | G17: 0 | I17: =SUM(G17*1.25) -> 0 | L17: =SUM(G17*1.25) -> 0
E18: Establishment of the GreenOffshoreTech Cluster Collaboration Platform | F18: T2.4 | G18: 0 | I18: =SUM(G18*1.25) -> 0 | L18: =SUM(G18*1.25) -> 0
E19: Direct financial support to SMEs through a competitive Call for Proposals | F19: WP3 | G19: =SUM(G20:G25)*1.25 -> 6539.2514 | I19: =SUM(I20:I25) -> 6539.2514 | L19: =SUM(L20:L25) -> 6539.2514
E20: Preparation of the Call for Proposals | F20: T3.1 | G20: 1302.4411 | I20: =SUM(G20*1.25) -> 1628.0514 | L20: =SUM(G20*1.25) -> 1628.0514
E21: Publication of the Call for Proposals and Proposal reception. | F21: T3.2 | G21: 3928.96 | I21: =SUM(G21*1.25) -> 4911.2 | J21: Travel costs 4611 euro added to T3.2 | K21: 0 | L21: =SUM(G21*1.25) -> 4911.2
E22: Evaluation and Selection of SMEs Proposals | F22: T3.3 | G22: 0 | I22: =SUM(G22*1.25) -> 0 | L22: =SUM(G22*1.25) -> 0
E23: Contracting with winner SMEs Projects | F23: T3.4 | G23: 0 | I23: =SUM(G23*1.25) -> 0 | L23: =SUM(G23*1.25) -> 0 | O23: WP1 | P23: =SUM(G10) -> 15319.057
E24: Payments and financial monitoring of winner SMEs Projects | F24: T3.5 | G24: 0 | I24: =SUM(G24*1.25) -> 0 | L24: =SUM(G24*1.25) -> 0 | O24: WP2 | P24: =SUM(G14) -> 15281.059
E25: Technical monitoring of winner SMEs Projects | F25: T3.6 | G25: 0 | I25: =SUM(G25*1.25) -> 0 | L25: =SUM(G25*1.25) -> 0 | O25: WP3 | P25: =SUM(G19) -> 6539.2514
E26: Business Support Services to winner SMEs (preparation) | F26: WP4 | G26: =SUM(G27:G35)*1.25 -> 0 | I26: =SUM(I27:I35) -> 0 | L26: =SUM(L27:L35) -> 0 | O26: WP4 | P26: =SUM(G26) -> 0
E27: Programme of Business Support Services to winner SMEs (prep) | F27: T4.1 | G27: 0 | I27: =SUM(G27*1.25) -> 0 | L27: =SUM(G27*1.25) -> 0 | O27: WP5 | P27: =SUM(G36) -> 0
E28: Business Support Service #1 Business & Tech Academy | F28: T4.2 | G28: 0 | I28: =SUM(G28*1.25) -> 0 | L28: =SUM(G28*1.25) -> 0 | O28: WP6 | P28: =SUM(G40) -> 2261.1825
E29: Business Support Service #2 Brokerage & B2B matchmaking events | F29: T4.3 | G29: 0 | I29: =SUM(G29*1.25) -> 0 | L29: =SUM(G29*1.25) -> 0 | O29: WP7 | P29: =SUM(G44) -> 5531.9342
E30: Business Support Service #3 Access to Finance | F30: T4.4 | G30: 0 | I30: =SUM(G30*1.25) -> 0 | L30: =SUM(G30*1.25) -> 0
E31: Business Support Service #4 One-to-One Mentoring and Coaching (prep) | F31: T4.5 | G31: 0 | I31: =SUM(G31*1.25) -> 0 | L31: =SUM(G31*1.25) -> 0
E32: Business Support Service #5 Branding | F32: T4.6 | G32: 0 | I32: =SUM(G32*1.25) -> 0 | L32: =SUM(G32*1.25) -> 0
E33: Business Support Service #6 Internationalisation | F33: T4.7 | G33: 0 | I33: =SUM(G33*1.25) -> 0 | L33: =SUM(G33*1.25) -> 0
E34: Business Support Service #7 Investor pitching | F34: T4.8 | G34: 0 | I34: =SUM(G34*1.25) -> 0 | L34: =SUM(G34*1.25) -> 0
E35: Business Support Service #8 Investor rounds | F35: T4.9 | G35: 0 | I35: =SUM(G35*1.25) -> 0 | L35: =SUM(G35*1.25) -> 0
E36: Large-scale Demonstrator (LSD) setup, validation, and impact assessment | F36: WP5 | G36: =SUM(G37:G39)*1.25 -> 0 | I36: =SUM(I37:I39) -> 0 | L36: =SUM(L37:L39) -> 0
E37: Set-up of the GreenOffshoreTech LSD in GreenOffshoreTech regions | F37: T5.1 | G37: 0 | I37: =SUM(G37*1.25) -> 0 | L37: =SUM(G37*1.25) -> 0
E38: Validation & Impact assessment of GreenOffshoreTech LSD (data collection) | F38: T5.2 | G38: 0 | I38: =SUM(G38*1.25) -> 0 | L38: =SUM(G38*1.25) -> 0
E39: Guidelines of Best Practice to foster cross-sector/-border collaboration and technology transfer through Clusters | F39: T5.3 | G39: 0 | I39: =SUM(G39*1.25) -> 0 | L39: =SUM(G39*1.25) -> 0
E40: Communication, Dissemination, Exploitation & Sustainability | F40: WP6 | G40: =SUM(G41:G43)*1.25 -> 2261.1825 | I40: =SUM(I41:I43) -> 2261.1825 | L40: =SUM(L41:L43) -> 2261.1825
E41: Communication plan and Communication activities | F41: T6.1 | G41: 0 | I41: =SUM(G41*1.25) -> 0 | L41: =SUM(G41*1.25) -> 0
E42: Dissemination strategy and Dissemination activities | F42: T6.2 | G42: 1808.946 | I42: =SUM(G42*1.25) -> 2261.1825 | L42: =SUM(G42*1.25) -> 2261.1825
E43: Exploitation strategy, IPR and Sustainability | F43: T6.3 | G43: 0 | I43: =SUM(G43*1.25) -> 0 | L43: =SUM(G43*1.25) -> 0
E44: Project Management and Coordination | F44: WP7 | G44: =SUM(G45:G47)*1.25 -> 5531.9342 | I44: =SUM(I45:I47) -> 5531.9342 | L44: =SUM(L45:L47) -> 5531.9342
E45: Project coordination | F45: T7.1 | G45: 3808.0292 | I45: =SUM(G45*1.25) -> 4760.0364 | L45: =SUM(G45*1.25) -> 4760.0364
E46: Project administration & Financial Management | F46: T7.2 | G46: 617.51824 | I46: =SUM(G46*1.25) -> 771.8978 | L46: =SUM(G46*1.25) -> 771.8978
E47: Quality Assurance | F47: T7.3 | G47: 0 | I47: =SUM(G47*1.25) -> 0 | L47: =SUM(G47*1.25) -> 0
E48: TOTAL | G48: =SUM(G9+G10+G14+G19+G26+G36+G40+G44) -> 49543.485 | I48: =SUM(I9+I10+I14+I19+I26+I36+I40+I44) -> 56082.736 | L48: =SUM(L9+L10+L14+L19+L26+L36+L40+L44) -> 47632.423

Sheet BAL
N1: =Q2*1.25 -> 12375 | Q1: 16600 | S1: 1.25
N2: =Q3*1.25 -> 6187.5 | Q2: =SUM(Q3:Q5) -> 9900
N3: =Q4*1.25 -> 3093.75 | Q3: 4950
G4: TOTAL COSTS | J4: Hourly cost | K4: 83.952 | N4: =Q5*1.25 -> 3093.75 | Q4: 2475
G5: Dir & Indir (EUR) | N5: =Q6*1.25 -> 47406.25 | Q5: 2475
G6: ACTUAL | N6: =Q7*1.25 -> 0 | Q6: =SUM(Q7:Q10) -> 37925
E7: GreenOfshoreTech PARTNER NAME | F7: Task/ | G7: M1-M9 | N7: =Q8*1.25 -> 0 | Q7: 0
F8: WP | N8: =Q9*1.25 -> 0 | Q8: 0
E9: Assessment of potential new value chains and selection of Topics for Call of Proposals | F9: WP1 | G9: =SUM(G10:G12) -> 13402.888 | I9: =G9*0.8 -> 10722.31 | N9: =Q10*1.25 -> 47406.25 | Q9: 0
E10: Sustainable challenges, needs and trends of four industrial offshore sectors | F10: T1.1 | G10: =5772.31*1.25 -> 7215.3875 | I10: =G10*0.8 -> 5772.31 | N10: =Q11*1.25 -> 58500 | Q10: 37925
E11: Assessment of emerging technology trends and solutions | F11: T1.2 | G11: =2475*1.25 -> 3093.75 | I11: =G11*0.8 -> 2475 | N11: =Q12*1.25 -> 7437.5 | Q11: =SUM(Q12:Q17) -> 46800
E12: Potential new value chains and selection of Call Topics | F12: T1.3 | G12: =2475*1.25 -> 3093.75 | I12: =G12*0.8 -> 2475 | N12: =Q13*1.25 -> 14375 | Q12: 5950
E13: Methodologies and tools for cross-sectoral/-border collaboration and technology transfer | F13: WP2 | G13: =SUM(G14:G17) -> 30049.188 | I13: =G13*0.8 -> 24039.35 | N13: =Q14*1.25 -> 22312.5 | Q13: 11500
E14: Methologies and tools for cross-sectoral/-border collaboration and technology transfer | F14: T2.1 | G14: 0 | I14: =G14*0.8 -> 0 | N14: =Q15*1.25 -> 0 | Q14: 17850
E15: Establishment of a Collaborative Virtual Environment | F15: T2.2 | G15: 0 | I15: =G15*0.8 -> 0 | N15: =Q16*1.25 -> 0 | Q15: 0
E16: Establishment of a Survey tool | F16: T2.3 | G16: 0 | I16: =G16*0.8 -> 0 | N16: =Q17*1.25 -> 14375 | Q16: 0
E17: Establishment of the GreenOffshoreTech Cluster Collaboration Platform | F17: T2.4 | G17: =24039.35*1.25 -> 30049.188 | I17: =G17*0.8 -> 24039.35 | N17: =Q18*1.25 -> 41687.5 | Q17: 11500
E18: Direct financial support to SMEs through a competitive Call for Proposals | F18: WP3 | G18: =SUM(G19:G24) -> 34570.488 | I18: =G18*0.8 -> 27656.39 | N18: =Q19*1.25 -> 0 | Q18: =SUM(Q19:Q27) -> 33350
E19: Preparation of the Call for Proposals | F19: T3.1 | G19: =4950*1.25 -> 6187.5 | I19: =G19*0.8 -> 4950 | N19: =Q20*1.25 -> 24312.5 | Q19: 0
E20: Publication of the Call for Proposals and Proposal reception. | F20: T3.2 | G20: =5987.52*1.25 -> 7484.4 | I20: =G20*0.8 -> 5987.52 | N20: =Q21*1.25 -> 8687.5 | Q20: 19450
E21: Evaluation and Selection of SMEs Proposals | F21: T3.3 | G21: =11768.87*1.25 -> 14711.088 | I21: =G21*0.8 -> 11768.87 | N21: =Q22*1.25 -> 0 | Q21: 6950
E22: Contracting with winner SMEs Projects | F22: T3.4 | G22: 0 | I22: =G22*0.8 -> 0 | N22: =Q23*1.25 -> 0 | O22: WP1 | P22: =SUM(G9) -> 13402.888 | Q22: 0
E23: Payments and financial monitoring of winner SMEs Projects | F23: T3.5 | G23: 0 | I23: =G23*0.8 -> 0 | N23: =Q24*1.25 -> 0 | O23: WP2 | P23: =SUM(G13) -> 30049.188 | Q23: 0
E24: Technical monitoring of winner SMEs Projects | F24: T3.6 | G24: =4950*1.25 -> 6187.5 | I24: =G24*0.8 -> 4950 | N24: =Q25*1.25 -> 0 | O24: WP3 | P24: =SUM(G18) -> 34570.488 | Q24: 0
E25: Business Support Services to winner SMEs (preparation) | F25: WP4 | G25: =SUM(G26:G34) -> 5126.7875 | I25: =G25*0.8 -> 4101.43 | N25: =Q26*1.25 -> 0 | O25: WP4 | P25: =SUM(G25) -> 5126.7875 | Q25: 0
E26: Programme of Business Support Services to winner SMEs (prep) | F26: T4.1 | G26: 0 | I26: =G26*0.8 -> 0 | N26: =Q27*1.25 -> 8687.5 | O26: WP5 | P26: =SUM(G35) -> 0 | Q26: 0
E27: Business Support Service #1 Business & Tech Academy | F27: T4.2 | G27: =4101.43*1.25 -> 5126.7875 | I27: =G27*0.8 -> 4101.43 | N27: =Q28*1.25 -> 9281.25 | O27: WP6 | P27: =SUM(G39) -> 0 | Q27: 6950
E28: Business Support Service #2 Brokerage & B2B matchmaking events | F28: T4.3 | G28: 0 | I28: =G28*0.8 -> 0 | N28: =Q29*1.25 -> 3093.75 | O28: WP7 | P28: =SUM(G43) -> 0 | Q28: =SUM(Q29:Q31) -> 7425
E29: Business Support Service #3 Access to Finance | F29: T4.4 | G29: 0 | I29: =G29*0.8 -> 0 | N29: =Q30*1.25 -> 3093.75 | Q29: 2475
E30: Business Support Service #4 One-to-One Mentoring and Coaching (prep) | F30: T4.5 | G30: 0 | I30: =G30*0.8 -> 0 | N30: =Q31*1.25 -> 3093.75 | Q30: 2475
E31: Business Support Service #5 Branding | F31: T4.6 | G31: 0 | I31: =G31*0.8 -> 0 | N31: =Q32*1.25 -> 12375 | Q31: 2475
E32: Business Support Service #6 Internationalisation | F32: T4.7 | G32: 0 | I32: =G32*0.8 -> 0 | N32: =Q33*1.25 -> 0 | Q32: =SUM(Q33:Q35) -> 9900
E33: Business Support Service #7 Investor pitching | F33: T4.8 | G33: 0 | I33: =G33*0.8 -> 0 | N33: =Q34*1.25 -> 6187.5 | Q33: 0
E34: Business Support Service #8 Investor rounds | F34: T4.9 | G34: 0 | I34: =G34*0.8 -> 0 | N34: =Q35*1.25 -> 6187.5 | Q34: 4950
E35: Large-scale Demonstrator (LSD) setup, validation, and impact assessment | F35: WP5 | G35: =SUM(G36:G38) -> 0 | I35: =G35*0.8 -> 0 | N35: =Q36*1.25 -> 0 | Q35: 4950
E36: Set-up of the GreenOffshoreTech LSD in GreenOffshoreTech regions | F36: T5.1 | G36: 0 | I36: =G36*0.8 -> 0 | N36: =Q37*1.25 -> 0 | Q36: =SUM(Q37:Q39) -> 0
E37: Validation & Impact assessment of GreenOffshoreTech LSD (data collection) | F37: T5.2 | G37: 0 | I37: =G37*0.8 -> 0 | N37: =Q38*1.25 -> 0 | Q37: 0
E38: Guidelines of Best Practice to foster cross-sector/-border collaboration and technology transfer through Clusters | F38: T5.3 | G38: 0 | I38: =G38*0.8 -> 0 | N38: =Q39*1.25 -> 0 | Q38: 0
E39: Communication, Dissemination, Exploitation & Sustainability | F39: WP6 | G39: =SUM(G40:G42) -> 0 | I39: =G39*0.8 -> 0 | N39: =Q40*1.25 -> 181625 | Q39: 0
E40: Communication plan and Communication activities | F40: T6.1 | G40: 0 | I40: =G40*0.8 -> 0 | Q40: =Q2+Q6+Q11+Q18+Q28+Q32+Q36 -> 145300
E41: Dissemination strategy and Dissemination activities | F41: T6.2 | G41: 0 | I41: =G41*0.8 -> 0
E42: Exploitation strategy, IPR and Sustainability | F42: T6.3 | G42: 0 | I42: =G42*0.8 -> 0
E43: Project Management and Coordination | F43: WP7 | G43: =SUM(G44:G46) -> 0 | I43: =G43*0.8 -> 0
E44: Project coordination | F44: T7.1 | G44: 0 | I44: =G44*0.8 -> 0
E45: Project administration & Financial Management | F45: T7.2 | G45: 0 | I45: =G45*0.8 -> 0
E46: Quality Assurance | F46: T7.3 | G46: 0 | I46: =G46*0.8 -> 0
E47: TOTAL | G47: =G9+G13+G18+G25+G35+G39+G43 -> 83149.35 | I47: =G47*0.8 -> 66519.48

Sheet MEERI
M1: 16600 | O1: 1.25
M2: =SUM(M3:M5) -> 10725 | Q2: =M2*1.25 -> 13406.25
M3: 0 | Q3: =M3*1.25 -> 0
M4: 5005 | Q4: =M4*1.25 -> 6256.25
G5: TOTAL COSTS | M5: 5720 | Q5: =M5*1.25 -> 7150
G6: Dir & Indir (EUR) | M6: =SUM(M7:M10) -> 1430 | Q6: =M6*1.25 -> 1787.5
G7: ACTUAL | M7: 715 | Q7: =M7*1.25 -> 893.75
E8: GreenOfshoreTech PARTNER NAME: MEERI | F8: Task/ | G8: M1-M9 | M8: 0 | Q8: =M8*1.25 -> 0
F9: WP | M9: 0 | Q9: =M9*1.25 -> 0
E10: Assessment of potential new value chains and selection of Topics for Call of Proposals | F10: WP1 | G10: =SUM(G11:G13) -> 8319.05 | I10: =G10*0.8 -> 6655.24 | M10: 715 | Q10: =M10*1.25 -> 893.75
E11: Sustainable challenges, needs and trends of four industrial offshore sectors | F11: T1.1 | G11: 307.44 | I11: =G11*0.8 -> 245.952 | M11: =SUM(M12:M17) -> 18010 | Q11: =M11*1.25 -> 22512.5
E12: Assessment of emerging technology trends and solutions | F12: T1.2 | G12: 4060.45 | I12: =G12*0.8 -> 3248.36 | M12: 3430 | Q12: =M12*1.25 -> 4287.5
E13: Potential new value chains and selection of Call Topics | F13: T1.3 | G13: 3951.16 | I13: =G13*0.8 -> 3160.928 | M13: 0 | Q13: =M13*1.25 -> 0
E14: Methodologies and tools for cross-sectoral/-border collaboration and technology transfer | F14: WP2 | G14: =SUM(G15:G18) -> 1776.61 | I14: =G14*0.8 -> 1421.288 | M14: 5860 | Q14: =M14*1.25 -> 7325
E15: Methologies and tools for cross-sectoral/-border collaboration and technology transfer | F15: T2.1 | G15: 1115.02 | I15: =G15*0.8 -> 892.016 | M15: 0 | Q15: =M15*1.25 -> 0
E16: Establishment of a Collaborative Virtual Environment | F16: T2.2 | G16: 0 | I16: =G16*0.8 -> 0 | M16: 0 | Q16: =M16*1.25 -> 0
E17: Establishment of a Survey tool | F17: T2.3 | G17: 661.59 | I17: =G17*0.8 -> 529.272 | M17: 8720 | Q17: =M17*1.25 -> 10900
E18: Establishment of the GreenOffshoreTech Cluster Collaboration Platform | F18: T2.4 | G18: 0 | I18: =G18*0.8 -> 0 | M18: =SUM(M19:M27) -> 15750 | Q18: =M18*1.25 -> 19687.5
E19: Direct financial support to SMEs through a competitive Call for Proposals | F19: WP3 | G19: =SUM(G20:G24) -> 2131.5 | I19: =G19*0.8 -> 1705.2 | M19: 0 | Q19: =M19*1.25 -> 0
E20: Preparation of the Call for Proposals | F20: T3.1 | G20: 2131.5 | I20: =G20*0.8 -> 1705.2 | M20: 10290 | Q20: =M20*1.25 -> 12862.5
E21: Publication of the Call for Proposals and Proposal reception. | F21: T3.2 | G21: 0 | I21: =G21*0.8 -> 0 | M21: 3030 | Q21: =M21*1.25 -> 3787.5
E22: Evaluation and Selection of SMEs Proposals | F22: T3.3 | G22: 0 | I22: =G22*0.8 -> 0 | M22: 0 | Q22: =M22*1.25 -> 0
E23: Contracting with winner SMEs Projects | F23: T3.4 | G23: 0 | I23: =G23*0.8 -> 0 | M23: 0 | O23: WP1 | P23: =SUM(G10) -> 8319.05 | Q23: =M23*1.25 -> 0
E24: Payments and financial monitoring of winner SMEs Projects | F24: T3.5 | G24: 0 | I24: =G24*0.8 -> 0 | M24: 0 | O24: WP2 | P24: =SUM(G14) -> 1776.61 | Q24: =M24*1.25 -> 0
E25: Technical monitoring of winner SMEs Projects | F25: T3.6 | G25: 0 | I25: =G25*0.8 -> 0 | M25: 0 | O25: WP3 | P25: =SUM(G19) -> 2131.5 | Q25: =M25*1.25 -> 0
E26: Business Support Services to winner SMEs (preparation) | F26: WP4 | G26: =SUM(G27:G30) -> 661.59 | I26: =G26*0.8 -> 529.272 | M26: 0 | O26: WP4 | P26: =SUM(G26) -> 661.59 | Q26: =M26*1.25 -> 0
E27: Programme of Business Support Services to winner SMEs (prep) | F27: T4.1 | G27: 661.59 | I27: =G27*0.8 -> 529.272 | M27: 2430 | O27: WP5 | P27: =SUM(G36) -> 1742.07 | Q27: =M27*1.25 -> 3037.5
E28: Business Support Service #1 Business & Tech Academy | F28: T4.2 | G28: 0 | I28: =G28*0.8 -> 0 | M28: =SUM(M29:M31) -> 2145 | O28: WP6 | P28: =SUM(G40) -> 590.43 | Q28: =M28*1.25 -> 2681.25
E29: Business Support Service #2 Brokerage & B2B matchmaking events | F29: T4.3 | G29: 0 | I29: =G29*0.8 -> 0 | M29: 715 | O29: WP7 | P29: =SUM(G44) -> 0 | Q29: =M29*1.25 -> 893.75
E30: Business Support Service #3 Access to Finance | F30: T4.4 | G30: 0 | I30: =G30*0.8 -> 0 | M30: 715 | Q30: =M30*1.25 -> 893.75
E31: Business Support Service #4 One-to-One Mentoring and Coaching (prep) | F31: T4.5 | G31: 0 | I31: =G31*0.8 -> 0 | M31: 715 | Q31: =M31*1.25 -> 893.75
E32: Business Support Service #5 Branding | F32: T4.6 | G32: 0 | I32: =G32*0.8 -> 0 | M32: =SUM(M33:M35) -> 2860 | Q32: =M32*1.25 -> 3575
E33: Business Support Service #6 Internationalisation | F33: T4.7 | G33: 0 | I33: =G33*0.8 -> 0 | M33: 0 | Q33: =M33*1.25 -> 0
E34: Business Support Service #7 Investor pitching | F34: T4.8 | G34: 0 | I34: =G34*0.8 -> 0 | M34: 1430 | Q34: =M34*1.25 -> 1787.5
E35: Business Support Service #8 Investor rounds | F35: T4.9 | G35: 0 | I35: =G35*0.8 -> 0 | M35: 1430 | Q35: =M35*1.25 -> 1787.5
E36: Large-scale Demonstrator (LSD) setup, validation, and impact assessment | F36: WP5 | G36: =SUM(G37:G39) -> 1742.07 | I36: =G36*0.8 -> 1393.656 | M36: =SUM(M37:M39) -> 0 | Q36: =M36*1.25 -> 0
E37: Set-up of the GreenOffshoreTech LSD in GreenOffshoreTech regions | F37: T5.1 | G37: 1742.07 | I37: =G37*0.8 -> 1393.656 | M37: 0 | Q37: =M37*1.25 -> 0
E38: Validation & Impact assessment of GreenOffshoreTech LSD (data collection) | F38: T5.2 | G38: 0 | I38: =G38*0.8 -> 0 | M38: 0 | Q38: =M38*1.25 -> 0
E39: Guidelines of Best Practice to foster cross-sector/-border collaboration and technology transfer through Clusters | F39: T5.3 | G39: 0 | I39: =G39*0.8 -> 0 | M39: 0 | Q39: =M39*1.25 -> 0
E40: Communication, Dissemination, Exploitation & Sustainability | F40: WP6 | G40: =SUM(G41:G43) -> 590.43 | I40: =G40*0.8 -> 472.344 | M40: =SUM(M2+M6+M11+M18+M28+M32+M36) -> 50920 | Q40: =M40*1.25 -> 63650
E41: Communication plan and Communication activities | F41: T6.1 | G41: 0 | I41: =G41*0.8 -> 0
E42: Dissemination strategy and Dissemination activities | F42: T6.2 | G42: 590.43 | I42: =G42*0.8 -> 472.344
E43: Exploitation strategy, IPR and Sustainability | F43: T6.3 | G43: 0 | I43: =G43*0.8 -> 0
E44: Project Management and Coordination | F44: WP7 | G44: 0 | I44: =G44*0.8 -> 0
E45: Project coordination | F45: T7.1 | G45: 0 | I45: =G45*0.8 -> 0
E46: Project administration & Financial Management | F46: T7.2 | G46: 0 | I46: =G46*0.8 -> 0
E47: Quality Assurance | F47: T7.3 | G47: 0 | I47: =G47*0.8 -> 0
E48: TOTAL | G48: =G44+G40+G36+G26+G19+G14+G10 -> 15221.25 | I48: =G48*0.8 -> 12177

Sheet MCN
T1: 1.25 | V1: 31600
C2: TOTAL COSTS | V2: =SUM(V3:V5) -> 8250 | X2: =V2*1.25 -> 10312.5
C3: Dir & Indir (EUR) | D3: Dir (EUR) | F3: INCLDING IND COST | J3: This calculation is done by MNU since MCN have not delivered the contribution to D7.5 | V3: 5500 | X3: =V3*1.25 -> 6875
C4: ACTUAL | J4: Cost is calculated based on PM3,37 delivered for D7.4 | V4: 1375 | X4: =V4*1.25 -> 1718.75
A5: GreenOfshoreTech TOTAL (Period M1 to M10) | B5: Task/ | C5: M1-M10 | J5: Evsaryone is informed to calculate 1PM as 143.333 hours. | V5: 1375 | X5: =V5*1.25 -> 1718.75
B6: WP | J6: Your budgeted hourly cost is than 35,47 Euro per hour. | V6: =SUM(V7:V10) -> 2750 | X6: =V6*1.25 -> 3437.5
A7: Assessment of potential new value chains and selection of Topics for Call of Proposals | B7: WP1 | C7: =H7 -> 7696.99 | D7: =C7*0.8 -> 6157.592 | E7: PM | F7: 1.5 | H7: =SUM(H8:H10) -> 7696.99 | J7: PM | K7: 3.37 | V7: 1375 | X7: =V7*1.25 -> 1718.75
A8: Sustainable challenges, needs and trends of four industrial offshore sectors | B8: T1.1 | C8: =H8 -> 6508.745 | D8: =C8*0.8 -> 5206.996 | H8: 6508.745 | J8: Hourly rate | K8: 35.47 | V8: 0 | X8: =V8*1.25 -> 0
A9: Assessment of emerging technology trends and solutions | B9: T1.2 | C9: =H9 -> 0 | D9: =C9*0.8 -> 0 | H9: 0 | J9: Total hours | L9: 483.03 | V9: 0 | X9: =V9*1.25 -> 0
A10: Potential new value chains and selection of Call Topics | B10: T1.3 | C10: =H10 -> 1188.245 | D10: =C10*0.8 -> 950.596 | H10: 1188.245 | V10: 1375 | X10: =V10*1.25 -> 1718.75
A11: Methodologies and tools for cross-sectoral/-border collaboration and technology transfer | B11: WP2 | C11: =H11 -> 565.24 | D11: =C11*0.8 -> 452.192 | E11: PM | F11: 0.11 | H11: =SUM(H12:H15) -> 565.24 | J11: Net cost total | L11: =K8*L9 -> 17133.074 | V11: =SUM(V12:V17) -> 21749 | X11: =V11*1.25 -> 27186.25
A12: Methologies and tools for cross-sectoral/-border collaboration and technology transfer | B12: T2.1 | C12: =H12 -> 559.24 | D12: =C12*0.8 -> 447.392 | H12: 559.24 | V12: 4649 | X12: =V12*1.25 -> 5811.25
A13: Establishment of a Collaborative Virtual Environment | B13: T2.2 | C13: =H13 -> 0 | D13: =C13*0.8 -> 0 | H13: 0 | J13: 1PM | K13: 143.333 | V13: 0 | X13: =V13*1.25 -> 0
A14: Establishment of a Survey tool | B14: T2.3 | C14: =H14 -> 6 | D14: =C14*0.8 -> 4.8 | H14: 6 | V14: 8550 | X14: =V14*1.25 -> 10687.5
A15: Establishment of the GreenOffshoreTech Cluster Collaboration Platform | B15: T2.4 | C15: =H15 -> 0 | D15: =C15*0.8 -> 0 | H15: 0 | J15: In d7.4 it is reported PM3,37 and a cost of 22,402.00 and this is impossible for me to evaluate without your actual calculation. | V15: 0 | X15: =V15*1.25 -> 0
A16: Direct financial support to SMEs through a competitive Call for Proposals | B16: WP3 | C16: =H16 -> 2898.055 | D16: =C16*0.8 -> 2318.444 | E16: PM | F16: 0.45 | H16: =SUM(H17:H22) -> 2898.055 | V16: 0 | X16: =V16*1.25 -> 0
A17: Preparation of the Call for Proposals | B17: T3.1 | C17: =H17 -> 2004.055 | D17: =C17*0.8 -> 1603.244 | H17: 2004.055 | V17: 8550 | X17: =V17*1.25 -> 10687.5
A18: Publication of the Call for Proposals and Proposal reception. | B18: T3.2 | C18: =H18 -> 0 | D18: =C18*0.8 -> 0 | H18: 0 | V18: =SUM(V19:V27) -> 56600 | X18: =V18*1.25 -> 70750
A19: Evaluation and Selection of SMEs Proposals | B19: T3.3 | C19: =H19 -> 894 | D19: =C19*0.8 -> 715.2 | H19: 894 | V19: 0 | X19: =V19*1.25 -> 0
A20: Contracting with winner SMEs Projects | B20: T3.4 | C20: =H20 -> 0 | D20: =C20*0.8 -> 0 | H20: 0 | V20: 10500 | X20: =V20*1.25 -> 13125
A21: Payments and financial monitoring of winner SMEs Projects | B21: T3.5 | C21: =H21 -> 0 | D21: =C21*0.8 -> 0 | H21: 0 | V21: 5250 | X21: =V21*1.25 -> 6562.5
A22: Technical monitoring of winner SMEs Projects | B22: T3.6 | C22: =H22 -> 0 | D22: =C22*0.8 -> 0 | H22: 0 | O22: MCN | V22: 5250 | X22: =V22*1.25 -> 6562.5
A23: Business Support Services to winner SMEs (preparation) | B23: WP4 | C23: =H23 -> 1169.13 | D23: =C23*0.8 -> 935.304 | E23: PM | F23: 0.22 | H23: =SUM(H24:H32) -> 1169.13 | O23: WP1 | P23: =SUM(C7) -> 7696.99 | Q23: =SUM(#REF!) -> #REF! | V23: 0 | X23: =V23*1.25 -> 0
A24: Programme of Business Support Services to winner SMEs (prep) | B24: T4.1 | C24: =H24 -> 101 | D24: =C24*0.8 -> 80.8 | H24: 101 | O24: WP2 | P24: =SUM(C11) -> 565.24 | Q24: =SUM(#REF!) -> #REF! | V24: 0 | X24: =V24*1.25 -> 0
A25: Business Support Service #1 Business & Tech Academy | B25: T4.2 | C25: =H25 -> 0 | D25: =C25*0.8 -> 0 | H25: 0 | O25: WP3 | P25: =SUM(C16) -> 2898.055 | Q25: =SUM(#REF!) -> #REF! | V25: 17000 | X25: =V25*1.25 -> 21250
A26: Business Support Service #2 Brokerage & B2B matchmaking events | B26: T4.3 | C26: =H26 -> 0 | D26: =C26*0.8 -> 0 | H26: 0 | O26: WP4 | P26: =SUM(C23) -> 1169.13 | Q26: =SUM(#REF!) -> #REF! | V26: 0 | X26: =V26*1.25 -> 0
A27: Business Support Service #3 Access to Finance | B27: T4.4 | C27: =H27 -> 0 | D27: =C27*0.8 -> 0 | H27: 0 | O27: WP5 | P27: =SUM(C33) -> 1627 | Q27: =SUM(#REF!) -> #REF! | V27: 18600 | X27: =V27*1.25 -> 23250
A28: Business Support Service #4 One-to-One Mentoring and Coaching (prep) | B28: T4.5 | C28: =H28 -> 39.5 | D28: =C28*0.8 -> 31.6 | H28: 39.5 | O28: WP6 | P28: =SUM(C37) -> 620.725 | Q28: =SUM(#REF!) -> #REF! | V28: =SUM(V29:V31) -> 4125 | X28: =V28*1.25 -> 5156.25
A29: Business Support Service #5 Branding | B29: T4.6 | C29: =H29 -> 230.555 | D29: =C29*0.8 -> 184.444 | H29: 230.555 | O29: WP7 | P29: =SUM(C41) -> 283.76 | Q29: =SUM(#REF!) -> #REF! | V29: 1375 | X29: =V29*1.25 -> 1718.75
A30: Business Support Service #6 Internationalisation | B30: T4.7 | C30: =H30 -> 798.075 | D30: =C30*0.8 -> 638.46 | H30: 798.075 | V30: 1375 | X30: =V30*1.25 -> 1718.75
A31: Business Support Service #7 Investor pitching | B31: T4.8 | C31: =H31 -> 0 | D31: =C31*0.8 -> 0 | H31: 0 | V31: 1375 | X31: =V31*1.25 -> 1718.75
A32: Business Support Service #8 Investor rounds | B32: T4.9 | C32: =H32 -> 0 | D32: =C32*0.8 -> 0 | H32: 0 | V32: =SUM(V33:V35) -> 11000 | X32: =V32*1.25 -> 13750
A33: Large-scale Demonstrator (LSD) setup, validation, and impact assessment | B33: WP5 | C33: =H33 -> 1627 | D33: =C33*0.8 -> 1301.6 | E33: PM | F33: 0.82 | H33: =SUM(H34:H36) -> 1627 | V33: 2750 | X33: =V33*1.25 -> 3437.5
A34: Set-up of the GreenOffshoreTech LSD in GreenOffshoreTech regions | B34: T5.1 | C34: =H34 -> 1375 | D34: =C34*0.8 -> 1100 | H34: 1375 | V34: 5500 | X34: =V34*1.25 -> 6875
A35: Validation & Impact assessment of GreenOffshoreTech LSD (data collection) | B35: T5.2 | C35: =H35 -> 25 | D35: =C35*0.8 -> 20 | H35: 25 | V35: 2750 | X35: =V35*1.25 -> 3437.5
A36: Guidelines of Best Practice to foster cross-sector/-border collaboration and technology transfer through Clusters | B36: T5.3 | C36: =H36 -> 227 | D36: =C36*0.8 -> 181.6 | H36: 227 | V36: =SUM(V37:V39) -> 0 | X36: =V36*1.25 -> 0
A37: Communication, Dissemination, Exploitation & Sustainability | B37: WP6 | C37: =H37 -> 620.725 | D37: =C37*0.8 -> 496.58 | E37: PM | F37: 0.22 | H37: =SUM(H38:H40) -> 620.725 | V37: 0 | X37: =V37*1.25 -> 0
A38: Communication plan and Communication activities | B38: T6.1 | C38: =H38 -> 514.315 | D38: =C38*0.8 -> 411.452 | H38: 514.315 | V38: 0 | X38: =V38*1.25 -> 0
A39: Dissemination strategy and Dissemination activities | B39: T6.2 | C39: =H39 -> 0 | D39: =C39*0.8 -> 0 | H39: 0 | V39: 0 | X39: =V39*1.25 -> 0
A40: Exploitation strategy, IPR and Sustainability | B40: T6.3 | C40: =H40 -> 106.41 | D40: =C40*0.8 -> 85.128 | H40: 106.41 | V40: =SUM(V2+V6+V11+V18+V28+V32+V36) -> 104474 | X40: =V40*1.25 -> 130592.5
A41: Project Management and Coordination | B41: WP7 | C41: =H41 -> 283.76 | D41: =C41*0.8 -> 227.008 | E41: PM | F41: 0.05 | H41: =SUM(H42:H44) -> 283.76
A42: Project coordination | B42: T7.1 | C42: =H42 -> 0 | D42: =C42*0.8 -> 0 | H42: 0
A43: Project administration & Financial Management | B43: T7.2 | C43: =H43 -> 0 | D43: =C43*0.8 -> 0 | H43: 0
A44: Quality Assurance | B44: T7.3 | C44: =H44 -> 283.76 | D44: =C44*0.8 -> 227.008 | H44: 283.76
A45: TOTAL | C45: =H45 -> 14743.662 | D45: =C45*0.8 -> 11794.93 | E45: PM | F45: =SUM(F7:F44) -> 3.37 | H45: 14743.662

Sheet CKR_x0009_
C1: TOTAL COSTS
C2: Dir & Indir (EUR) | E2: Dir (EUR) | G2: INCLDING IND COST | K2: This calculation is done by MNU since CKR have not delivered the contribution to D7.5
C3: ACTUAL | K3: Cost is calculated based on PM7,19 delivered for D7.4
A4: GreenOfshoreTech TOTAL (Period M1 to M10) | B4: Task/ | C4: M1-M10 | K4: Everyone is informed to calculate 1PM as 143.333 hours.
B5: WP
A6: Assessment of potential new value chains and selection of Topics for Call of Proposals | B6: WP1 | C6: 4376.13 | E6: =C6*0.8 -> 3500.904 | F6: PM | G6: 1 | H6: =G6*L12*L7 -> 3505.9252 | K6: PM | L6: 3.37
A7: Sustainable challenges, needs and trends of four industrial offshore sectors | B7: T1.1 | C7: 1596.86 | E7: =C7*0.8 -> 1277.488 | K7: Hourly rate | L7: 24.46 | M7: Per your budget
A8: Assessment of emerging technology trends and solutions | B8: T1.2 | C8: 1350 | E8: =C8*0.8 -> 1080 | K8: Total hours | M8: 1030.56
A9: Potential new value chains and selection of Call Topics | B9: T1.3 | C9: 1429.27 | E9: =C9*0.8 -> 1143.416
A10: Methodologies and tools for cross-sectoral/-border collaboration and technology transfer | B10: WP2 | C10: 6573.6097 | E10: =C10*0.8 -> 5258.8878 | F10: PM | G10: 1.5 | K10: Net cost total | M10: =L7*M8 -> 25207.498
A11: Methologies and tools for cross-sectoral/-border collaboration and technology transfer | B11: T2.1 | C11: 0 | E11: =C11*0.8 -> 0
A12: Establishment of a Collaborative Virtual Environment | B12: T2.2 | C12: 0 | E12: =C12*0.8 -> 0 | K12: 1PM | L12: 143.333
A13: Establishment of a Survey tool | B13: T2.3 | C13: 6573.61 | E13: =C13*0.8 -> 5258.888
A14: Establishment of the GreenOffshoreTech Cluster Collaboration Platform | B14: T2.4 | C14: 0 | E14: =C14*0.8 -> 0
A15: Direct financial support to SMEs through a competitive Call for Proposals | B15: WP3 | C15: 19720.829 | E15: =C15*0.8 -> 15776.663 | F15: PM | G15: 4.5
A16: Preparation of the Call for Proposals | B16: T3.1 | C16: 19720.83 | E16: =C16*0.8 -> 15776.664
A17: Publication of the Call for Proposals and Proposal reception. | B17: T3.2 | C17: 0 | E17: =C17*0.8 -> 0
A18: Evaluation and Selection of SMEs Proposals | B18: T3.3 | C18: 0 | E18: =C18*0.8 -> 0
A19: Contracting with winner SMEs Projects | B19: T3.4 | C19: 0 | E19: =C19*0.8 -> 0
A20: Payments and financial monitoring of winner SMEs Projects | B20: T3.5 | C20: 0 | E20: =C20*0.8 -> 0
A21: Technical monitoring of winner SMEs Projects | B21: T3.6 | C21: 0 | E21: =C21*0.8 -> 0 | P21: MCN
A22: Business Support Services to winner SMEs (preparation) | B22: WP4 | C22: 0 | E22: =C22*0.8 -> 0 | F22: PM | G22: 0 | P22: WP1 | Q22: =SUM(C6) -> 4376.13 | R22: =SUM(D6) -> 0
A23: Programme of Business Support Services to winner SMEs (prep) | B23: T4.1 | C23: 0 | E23: =C23*0.8 -> 0 | P23: WP2 | Q23: =SUM(C10) -> 6573.6097 | R23: =SUM(D10) -> 0
A24: Business Support Service #1 Business & Tech Academy | B24: T4.2 | C24: 0 | E24: =C24*0.8 -> 0 | P24: WP3 | Q24: =SUM(C15) -> 19720.829 | R24: =SUM(D15) -> 0
A25: Business Support Service #2 Brokerage & B2B matchmaking events | B25: T4.3 | C25: 0 | E25: =C25*0.8 -> 0 | P25: WP4 | Q25: =SUM(C22) -> 0 | R25: =SUM(D22) -> 0
A26: Business Support Service #3 Access to Finance | B26: T4.4 | C26: 0 | E26: =C26*0.8 -> 0 | P26: WP5 | Q26: =SUM(C32) -> 438.24065 | R26: =SUM(D32) -> 0
A27: Business Support Service #4 One-to-One Mentoring and Coaching (prep) | B27: T4.5 | C27: 0 | E27: =C27*0.8 -> 0 | P27: WP6 | Q27: =SUM(C36) -> 394.41658 | R27: =SUM(D36) -> 0
A28: Business Support Service #5 Branding | B28: T4.6 | C28: 0 | E28: =C28*0.8 -> 0 | P28: WP7 | Q28: =SUM(C40) -> 0 | R28: =SUM(D40) -> 0
A29: Business Support Service #6 Internationalisation | B29: T4.7 | C29: 0 | E29: =C29*0.8 -> 0
A30: Business Support Service #7 Investor pitching | B30: T4.8 | C30: 0 | E30: =C30*0.8 -> 0
A31: Business Support Service #8 Investor rounds | B31: T4.9 | C31: 0 | E31: =C31*0.8 -> 0
A32: Large-scale Demonstrator (LSD) setup, validation, and impact assessment | B32: WP5 | C32: 438.24065 | E32: =C32*0.8 -> 350.59252 | F32: PM | G32: 0.1
A33: Set-up of the GreenOffshoreTech LSD in GreenOffshoreTech regions | B33: T5.1 | C33: 438.24 | E33: =C33*0.8 -> 350.592
A34: Validation & Impact assessment of GreenOffshoreTech LSD (data collection) | B34: T5.2 | C34: 0 | E34: =C34*0.8 -> 0
A35: Guidelines of Best Practice to foster cross-sector/-border collaboration and technology transfer through Clusters | B35: T5.3 | C35: 0 | E35: =C35*0.8 -> 0
A36: Communication, Dissemination, Exploitation & Sustainability | B36: WP6 | C36: 394.41658 | E36: =C36*0.8 -> 315.53327 | F36: PM | G36: 0.09
A37: Communication plan and Communication activities | B37: T6.1 | C37: 398.1 | E37: =C37*0.8 -> 318.48
A38: Dissemination strategy and Dissemination activities | B38: T6.2 | C38: 0 | E38: =C38*0.8 -> 0
A39: Exploitation strategy, IPR and Sustainability | B39: T6.3 | C39: 0 | E39: =C39*0.8 -> 0
A40: Project Management and Coordination | B40: WP7 | C40: 0 | E40: =C40*0.8 -> 0 | F40: PM | G40: 0
A41: Project coordination | B41: T7.1 | C41: 0 | E41: =C41*0.8 -> 0
A42: Project administration & Financial Management | B42: T7.2 | C42: 0 | E42: =C42*0.8 -> 0
A43: Quality Assurance | B43: T7.3 | C43: 0 | E43: =C43*0.8 -> 0
A44: TOTAL | C44: 31503.226 | E44: =C44*0.8 -> 25202.581 | F44: PM | G44: =SUM(G6:G43) -> 7.19
