Workbook

Sheet Inputs
A1: Vesting schedule – Inputs (per Shareholder Agreement)
A3: Start date (per agreement) | B3: 46062
A4: Cliff date (12 months) | B4: =EDATE(B3,12) -> 46427
A5: Vesting end date (48 months) | B5: =EDATE(B3,48) -> 47523
A6: Cliff % | B6: 0.25
A7: Monthly vesting months after cliff | B7: 36
A10: Shareholder | B10: Total shares | C10: Cliff shares (25%) | D10: Remaining shares | E10: Monthly base | F10: Monthly remainder
A11: Hölen Industrier AS (André) | B11: 562500 | C11: =ROUND(B11*$B$6,0) -> 140625 | D11: =B11-C11 -> 421875 | E11: =INT(D11/$B$7) -> 11718 | F11: =MOD(D11,$B$7) -> 27
A12: Quality Group Invest AS (Tore) | B12: 337500 | C12: =ROUND(B12*$B$6,0) -> 84375 | D12: =B12-C12 -> 253125 | E12: =INT(D12/$B$7) -> 7031 | F12: =MOD(D12,$B$7) -> 9
A13: STAH Invest AS (Henri) | B13: 100000 | C13: =ROUND(B13*$B$6,0) -> 25000 | D13: =B13-C13 -> 75000 | E13: =INT(D13/$B$7) -> 2083 | F13: =MOD(D13,$B$7) -> 12
A14: Total | B14: =SUM(B11:B13) -> 1000000 | C14: =SUM(C11:C13) -> 250000 | D14: =SUM(D11:D13) -> 750000

Sheet Schedule
A1: Vesting Schedule (start from cliff date)
A2: Start from cliff date per agreement; monthly vesting thereafter until fully vested.
A4: Date | B4: Tranche (#) | C4: Event | D4: Hölen – Increment | E4: Hölen – Cumulative | F4: Hölen – % | G4: Quality – Increment | H4: Quality – Cumulative | I4: Quality – % | J4: STAH – Increment | K4: STAH – Cumulative | L4: STAH – % | M4: Total – Cumulative | N4: Total – %
A5: =Inputs!B4 -> 46427 | B5: 0 | C5: Cliff (25%) | D5: =Inputs!C11 -> 140625 | E5: =D5 -> 140625 | F5: =E5/Inputs!B11 -> 0.25 | G5: =Inputs!C12 -> 84375 | H5: =G5 -> 84375 | I5: =H5/Inputs!B12 -> 0.25 | J5: =Inputs!C13 -> 25000 | K5: =J5 -> 25000 | L5: =K5/Inputs!B13 -> 0.25 | M5: =E5+H5+K5 -> 250000 | N5: =M5/Inputs!B14 -> 0.25
A6: =EDATE($A$5,1) -> 46455 | B6: 1 | C6: Monthly vesting #1 (of 36) | D6: =IF($B6<=Inputs!F11,Inputs!E11+1,Inputs!E11) -> 11719 | E6: =E5+D6 -> 152344 | F6: =E6/Inputs!B11 -> 0.27083378 | G6: =IF($B6<=Inputs!F12,Inputs!E12+1,Inputs!E12) -> 7032 | H6: =H5+G6 -> 91407 | I6: =H6/Inputs!B12 -> 0.27083556 | J6: =IF($B6<=Inputs!F13,Inputs!E13+1,Inputs!E13) -> 2084 | K6: =K5+J6 -> 27084 | L6: =K6/Inputs!B13 -> 0.27084 | M6: =E6+H6+K6 -> 270835 | N6: =M6/Inputs!B14 -> 0.270835
A7: =EDATE($A$5,2) -> 46486 | B7: 2 | C7: Monthly vesting #2 (of 36) | D7: =IF($B7<=Inputs!F11,Inputs!E11+1,Inputs!E11) -> 11719 | E7: =E6+D7 -> 164063 | F7: =E7/Inputs!B11 -> 0.29166756 | G7: =IF($B7<=Inputs!F12,Inputs!E12+1,Inputs!E12) -> 7032 | H7: =H6+G7 -> 98439 | I7: =H7/Inputs!B12 -> 0.29167111 | J7: =IF($B7<=Inputs!F13,Inputs!E13+1,Inputs!E13) -> 2084 | K7: =K6+J7 -> 29168 | L7: =K7/Inputs!B13 -> 0.29168 | M7: =E7+H7+K7 -> 291670 | N7: =M7/Inputs!B14 -> 0.29167
A8: =EDATE($A$5,3) -> 46516 | B8: 3 | C8: Monthly vesting #3 (of 36) | D8: =IF($B8<=Inputs!F11,Inputs!E11+1,Inputs!E11) -> 11719 | E8: =E7+D8 -> 175782 | F8: =E8/Inputs!B11 -> 0.31250133 | G8: =IF($B8<=Inputs!F12,Inputs!E12+1,Inputs!E12) -> 7032 | H8: =H7+G8 -> 105471 | I8: =H8/Inputs!B12 -> 0.31250667 | J8: =IF($B8<=Inputs!F13,Inputs!E13+1,Inputs!E13) -> 2084 | K8: =K7+J8 -> 31252 | L8: =K8/Inputs!B13 -> 0.31252 | M8: =E8+H8+K8 -> 312505 | N8: =M8/Inputs!B14 -> 0.312505
A9: =EDATE($A$5,4) -> 46547 | B9: 4 | C9: Monthly vesting #4 (of 36) | D9: =IF($B9<=Inputs!F11,Inputs!E11+1,Inputs!E11) -> 11719 | E9: =E8+D9 -> 187501 | F9: =E9/Inputs!B11 -> 0.33333511 | G9: =IF($B9<=Inputs!F12,Inputs!E12+1,Inputs!E12) -> 7032 | H9: =H8+G9 -> 112503 | I9: =H9/Inputs!B12 -> 0.33334222 | J9: =IF($B9<=Inputs!F13,Inputs!E13+1,Inputs!E13) -> 2084 | K9: =K8+J9 -> 33336 | L9: =K9/Inputs!B13 -> 0.33336 | M9: =E9+H9+K9 -> 333340 | N9: =M9/Inputs!B14 -> 0.33334
A10: =EDATE($A$5,5) -> 46577 | B10: 5 | C10: Monthly vesting #5 (of 36) | D10: =IF($B10<=Inputs!F11,Inputs!E11+1,Inputs!E11) -> 11719 | E10: =E9+D10 -> 199220 | F10: =E10/Inputs!B11 -> 0.35416889 | G10: =IF($B10<=Inputs!F12,Inputs!E12+1,Inputs!E12) -> 7032 | H10: =H9+G10 -> 119535 | I10: =H10/Inputs!B12 -> 0.35417778 | J10: =IF($B10<=Inputs!F13,Inputs!E13+1,Inputs!E13) -> 2084 | K10: =K9+J10 -> 35420 | L10: =K10/Inputs!B13 -> 0.3542 | M10: =E10+H10+K10 -> 354175 | N10: =M10/Inputs!B14 -> 0.354175
A11: =EDATE($A$5,6) -> 46608 | B11: 6 | C11: Monthly vesting #6 (of 36) | D11: =IF($B11<=Inputs!F11,Inputs!E11+1,Inputs!E11) -> 11719 | E11: =E10+D11 -> 210939 | F11: =E11/Inputs!B11 -> 0.37500267 | G11: =IF($B11<=Inputs!F12,Inputs!E12+1,Inputs!E12) -> 7032 | H11: =H10+G11 -> 126567 | I11: =H11/Inputs!B12 -> 0.37501333 | J11: =IF($B11<=Inputs!F13,Inputs!E13+1,Inputs!E13) -> 2084 | K11: =K10+J11 -> 37504 | L11: =K11/Inputs!B13 -> 0.37504 | M11: =E11+H11+K11 -> 375010 | N11: =M11/Inputs!B14 -> 0.37501
A12: =EDATE($A$5,7) -> 46639 | B12: 7 | C12: Monthly vesting #7 (of 36) | D12: =IF($B12<=Inputs!F11,Inputs!E11+1,Inputs!E11) -> 11719 | E12: =E11+D12 -> 222658 | F12: =E12/Inputs!B11 -> 0.39583644 | G12: =IF($B12<=Inputs!F12,Inputs!E12+1,Inputs!E12) -> 7032 | H12: =H11+G12 -> 133599 | I12: =H12/Inputs!B12 -> 0.39584889 | J12: =IF($B12<=Inputs!F13,Inputs!E13+1,Inputs!E13) -> 2084 | K12: =K11+J12 -> 39588 | L12: =K12/Inputs!B13 -> 0.39588 | M12: =E12+H12+K12 -> 395845 | N12: =M12/Inputs!B14 -> 0.395845
A13: =EDATE($A$5,8) -> 46669 | B13: 8 | C13: Monthly vesting #8 (of 36) | D13: =IF($B13<=Inputs!F11,Inputs!E11+1,Inputs!E11) -> 11719 | E13: =E12+D13 -> 234377 | F13: =E13/Inputs!B11 -> 0.41667022 | G13: =IF($B13<=Inputs!F12,Inputs!E12+1,Inputs!E12) -> 7032 | H13: =H12+G13 -> 140631 | I13: =H13/Inputs!B12 -> 0.41668444 | J13: =IF($B13<=Inputs!F13,Inputs!E13+1,Inputs!E13) -> 2084 | K13: =K12+J13 -> 41672 | L13: =K13/Inputs!B13 -> 0.41672 | M13: =E13+H13+K13 -> 416680 | N13: =M13/Inputs!B14 -> 0.41668
A14: =EDATE($A$5,9) -> 46700 | B14: 9 | C14: Monthly vesting #9 (of 36) | D14: =IF($B14<=Inputs!F11,Inputs!E11+1,Inputs!E11) -> 11719 | E14: =E13+D14 -> 246096 | F14: =E14/Inputs!B11 -> 0.437504 | G14: =IF($B14<=Inputs!F12,Inputs!E12+1,Inputs!E12) -> 7032 | H14: =H13+G14 -> 147663 | I14: =H14/Inputs!B12 -> 0.43752 | J14: =IF($B14<=Inputs!F13,Inputs!E13+1,Inputs!E13) -> 2084 | K14: =K13+J14 -> 43756 | L14: =K14/Inputs!B13 -> 0.43756 | M14: =E14+H14+K14 -> 437515 | N14: =M14/Inputs!B14 -> 0.437515
A15: =EDATE($A$5,10) -> 46730 | B15: 10 | C15: Monthly vesting #10 (of 36) | D15: =IF($B15<=Inputs!F11,Inputs!E11+1,Inputs!E11) -> 11719 | E15: =E14+D15 -> 257815 | F15: =E15/Inputs!B11 -> 0.45833778 | G15: =IF($B15<=Inputs!F12,Inputs!E12+1,Inputs!E12) -> 7031 | H15: =H14+G15 -> 154694 | I15: =H15/Inputs!B12 -> 0.45835259 | J15: =IF($B15<=Inputs!F13,Inputs!E13+1,Inputs!E13) -> 2084 | K15: =K14+J15 -> 45840 | L15: =K15/Inputs!B13 -> 0.4584 | M15: =E15+H15+K15 -> 458349 | N15: =M15/Inputs!B14 -> 0.458349
A16: =EDATE($A$5,11) -> 46761 | B16: 11 | C16: Monthly vesting #11 (of 36) | D16: =IF($B16<=Inputs!F11,Inputs!E11+1,Inputs!E11) -> 11719 | E16: =E15+D16 -> 269534 | F16: =E16/Inputs!B11 -> 0.47917156 | G16: =IF($B16<=Inputs!F12,Inputs!E12+1,Inputs!E12) -> 7031 | H16: =H15+G16 -> 161725 | I16: =H16/Inputs!B12 -> 0.47918519 | J16: =IF($B16<=Inputs!F13,Inputs!E13+1,Inputs!E13) -> 2084 | K16: =K15+J16 -> 47924 | L16: =K16/Inputs!B13 -> 0.47924 | M16: =E16+H16+K16 -> 479183 | N16: =M16/Inputs!B14 -> 0.479183
A17: =EDATE($A$5,12) -> 46792 | B17: 12 | C17: Monthly vesting #12 (of 36) | D17: =IF($B17<=Inputs!F11,Inputs!E11+1,Inputs!E11) -> 11719 | E17: =E16+D17 -> 281253 | F17: =E17/Inputs!B11 -> 0.50000533 | G17: =IF($B17<=Inputs!F12,Inputs!E12+1,Inputs!E12) -> 7031 | H17: =H16+G17 -> 168756 | I17: =H17/Inputs!B12 -> 0.50001778 | J17: =IF($B17<=Inputs!F13,Inputs!E13+1,Inputs!E13) -> 2084 | K17: =K16+J17 -> 50008 | L17: =K17/Inputs!B13 -> 0.50008 | M17: =E17+H17+K17 -> 500017 | N17: =M17/Inputs!B14 -> 0.500017
A18: =EDATE($A$5,13) -> 46821 | B18: 13 | C18: Monthly vesting #13 (of 36) | D18: =IF($B18<=Inputs!F11,Inputs!E11+1,Inputs!E11) -> 11719 | E18: =E17+D18 -> 292972 | F18: =E18/Inputs!B11 -> 0.52083911 | G18: =IF($B18<=Inputs!F12,Inputs!E12+1,Inputs!E12) -> 7031 | H18: =H17+G18 -> 175787 | I18: =H18/Inputs!B12 -> 0.52085037 | J18: =IF($B18<=Inputs!F13,Inputs!E13+1,Inputs!E13) -> 2083 | K18: =K17+J18 -> 52091 | L18: =K18/Inputs!B13 -> 0.52091 | M18: =E18+H18+K18 -> 520850 | N18: =M18/Inputs!B14 -> 0.52085
A19: =EDATE($A$5,14) -> 46852 | B19: 14 | C19: Monthly vesting #14 (of 36) | D19: =IF($B19<=Inputs!F11,Inputs!E11+1,Inputs!E11) -> 11719 | E19: =E18+D19 -> 304691 | F19: =E19/Inputs!B11 -> 0.54167289 | G19: =IF($B19<=Inputs!F12,Inputs!E12+1,Inputs!E12) -> 7031 | H19: =H18+G19 -> 182818 | I19: =H19/Inputs!B12 -> 0.54168296 | J19: =IF($B19<=Inputs!F13,Inputs!E13+1,Inputs!E13) -> 2083 | K19: =K18+J19 -> 54174 | L19: =K19/Inputs!B13 -> 0.54174 | M19: =E19+H19+K19 -> 541683 | N19: =M19/Inputs!B14 -> 0.541683
A20: =EDATE($A$5,15) -> 46882 | B20: 15 | C20: Monthly vesting #15 (of 36) | D20: =IF($B20<=Inputs!F11,Inputs!E11+1,Inputs!E11) -> 11719 | E20: =E19+D20 -> 316410 | F20: =E20/Inputs!B11 -> 0.56250667 | G20: =IF($B20<=Inputs!F12,Inputs!E12+1,Inputs!E12) -> 7031 | H20: =H19+G20 -> 189849 | I20: =H20/Inputs!B12 -> 0.56251556 | J20: =IF($B20<=Inputs!F13,Inputs!E13+1,Inputs!E13) -> 2083 | K20: =K19+J20 -> 56257 | L20: =K20/Inputs!B13 -> 0.56257 | M20: =E20+H20+K20 -> 562516 | N20: =M20/Inputs!B14 -> 0.562516
A21: =EDATE($A$5,16) -> 46913 | B21: 16 | C21: Monthly vesting #16 (of 36) | D21: =IF($B21<=Inputs!F11,Inputs!E11+1,Inputs!E11) -> 11719 | E21: =E20+D21 -> 328129 | F21: =E21/Inputs!B11 -> 0.58334044 | G21: =IF($B21<=Inputs!F12,Inputs!E12+1,Inputs!E12) -> 7031 | H21: =H20+G21 -> 196880 | I21: =H21/Inputs!B12 -> 0.58334815 | J21: =IF($B21<=Inputs!F13,Inputs!E13+1,Inputs!E13) -> 2083 | K21: =K20+J21 -> 58340 | L21: =K21/Inputs!B13 -> 0.5834 | M21: =E21+H21+K21 -> 583349 | N21: =M21/Inputs!B14 -> 0.583349
A22: =EDATE($A$5,17) -> 46943 | B22: 17 | C22: Monthly vesting #17 (of 36) | D22: =IF($B22<=Inputs!F11,Inputs!E11+1,Inputs!E11) -> 11719 | E22: =E21+D22 -> 339848 | F22: =E22/Inputs!B11 -> 0.60417422 | G22: =IF($B22<=Inputs!F12,Inputs!E12+1,Inputs!E12) -> 7031 | H22: =H21+G22 -> 203911 | I22: =H22/Inputs!B12 -> 0.60418074 | J22: =IF($B22<=Inputs!F13,Inputs!E13+1,Inputs!E13) -> 2083 | K22: =K21+J22 -> 60423 | L22: =K22/Inputs!B13 -> 0.60423 | M22: =E22+H22+K22 -> 604182 | N22: =M22/Inputs!B14 -> 0.604182
A23: =EDATE($A$5,18) -> 46974 | B23: 18 | C23: Monthly vesting #18 (of 36) | D23: =IF($B23<=Inputs!F11,Inputs!E11+1,Inputs!E11) -> 11719 | E23: =E22+D23 -> 351567 | F23: =E23/Inputs!B11 -> 0.625008 | G23: =IF($B23<=Inputs!F12,Inputs!E12+1,Inputs!E12) -> 7031 | H23: =H22+G23 -> 210942 | I23: =H23/Inputs!B12 -> 0.62501333 | J23: =IF($B23<=Inputs!F13,Inputs!E13+1,Inputs!E13) -> 2083 | K23: =K22+J23 -> 62506 | L23: =K23/Inputs!B13 -> 0.62506 | M23: =E23+H23+K23 -> 625015 | N23: =M23/Inputs!B14 -> 0.625015
A24: =EDATE($A$5,19) -> 47005 | B24: 19 | C24: Monthly vesting #19 (of 36) | D24: =IF($B24<=Inputs!F11,Inputs!E11+1,Inputs!E11) -> 11719 | E24: =E23+D24 -> 363286 | F24: =E24/Inputs!B11 -> 0.64584178 | G24: =IF($B24<=Inputs!F12,Inputs!E12+1,Inputs!E12) -> 7031 | H24: =H23+G24 -> 217973 | I24: =H24/Inputs!B12 -> 0.64584593 | J24: =IF($B24<=Inputs!F13,Inputs!E13+1,Inputs!E13) -> 2083 | K24: =K23+J24 -> 64589 | L24: =K24/Inputs!B13 -> 0.64589 | M24: =E24+H24+K24 -> 645848 | N24: =M24/Inputs!B14 -> 0.645848
A25: =EDATE($A$5,20) -> 47035 | B25: 20 | C25: Monthly vesting #20 (of 36) | D25: =IF($B25<=Inputs!F11,Inputs!E11+1,Inputs!E11) -> 11719 | E25: =E24+D25 -> 375005 | F25: =E25/Inputs!B11 -> 0.66667556 | G25: =IF($B25<=Inputs!F12,Inputs!E12+1,Inputs!E12) -> 7031 | H25: =H24+G25 -> 225004 | I25: =H25/Inputs!B12 -> 0.66667852 | J25: =IF($B25<=Inputs!F13,Inputs!E13+1,Inputs!E13) -> 2083 | K25: =K24+J25 -> 66672 | L25: =K25/Inputs!B13 -> 0.66672 | M25: =E25+H25+K25 -> 666681 | N25: =M25/Inputs!B14 -> 0.666681
A26: =EDATE($A$5,21) -> 47066 | B26: 21 | C26: Monthly vesting #21 (of 36) | D26: =IF($B26<=Inputs!F11,Inputs!E11+1,Inputs!E11) -> 11719 | E26: =E25+D26 -> 386724 | F26: =E26/Inputs!B11 -> 0.68750933 | G26: =IF($B26<=Inputs!F12,Inputs!E12+1,Inputs!E12) -> 7031 | H26: =H25+G26 -> 232035 | I26: =H26/Inputs!B12 -> 0.68751111 | J26: =IF($B26<=Inputs!F13,Inputs!E13+1,Inputs!E13) -> 2083 | K26: =K25+J26 -> 68755 | L26: =K26/Inputs!B13 -> 0.68755 | M26: =E26+H26+K26 -> 687514 | N26: =M26/Inputs!B14 -> 0.687514
A27: =EDATE($A$5,22) -> 47096 | B27: 22 | C27: Monthly vesting #22 (of 36) | D27: =IF($B27<=Inputs!F11,Inputs!E11+1,Inputs!E11) -> 11719 | E27: =E26+D27 -> 398443 | F27: =E27/Inputs!B11 -> 0.70834311 | G27: =IF($B27<=Inputs!F12,Inputs!E12+1,Inputs!E12) -> 7031 | H27: =H26+G27 -> 239066 | I27: =H27/Inputs!B12 -> 0.7083437 | J27: =IF($B27<=Inputs!F13,Inputs!E13+1,Inputs!E13) -> 2083 | K27: =K26+J27 -> 70838 | L27: =K27/Inputs!B13 -> 0.70838 | M27: =E27+H27+K27 -> 708347 | N27: =M27/Inputs!B14 -> 0.708347
A28: =EDATE($A$5,23) -> 47127 | B28: 23 | C28: Monthly vesting #23 (of 36) | D28: =IF($B28<=Inputs!F11,Inputs!E11+1,Inputs!E11) -> 11719 | E28: =E27+D28 -> 410162 | F28: =E28/Inputs!B11 -> 0.72917689 | G28: =IF($B28<=Inputs!F12,Inputs!E12+1,Inputs!E12) -> 7031 | H28: =H27+G28 -> 246097 | I28: =H28/Inputs!B12 -> 0.7291763 | J28: =IF($B28<=Inputs!F13,Inputs!E13+1,Inputs!E13) -> 2083 | K28: =K27+J28 -> 72921 | L28: =K28/Inputs!B13 -> 0.72921 | M28: =E28+H28+K28 -> 729180 | N28: =M28/Inputs!B14 -> 0.72918
A29: =EDATE($A$5,24) -> 47158 | B29: 24 | C29: Monthly vesting #24 (of 36) | D29: =IF($B29<=Inputs!F11,Inputs!E11+1,Inputs!E11) -> 11719 | E29: =E28+D29 -> 421881 | F29: =E29/Inputs!B11 -> 0.75001067 | G29: =IF($B29<=Inputs!F12,Inputs!E12+1,Inputs!E12) -> 7031 | H29: =H28+G29 -> 253128 | I29: =H29/Inputs!B12 -> 0.75000889 | J29: =IF($B29<=Inputs!F13,Inputs!E13+1,Inputs!E13) -> 2083 | K29: =K28+J29 -> 75004 | L29: =K29/Inputs!B13 -> 0.75004 | M29: =E29+H29+K29 -> 750013 | N29: =M29/Inputs!B14 -> 0.750013
A30: =EDATE($A$5,25) -> 47186 | B30: 25 | C30: Monthly vesting #25 (of 36) | D30: =IF($B30<=Inputs!F11,Inputs!E11+1,Inputs!E11) -> 11719 | E30: =E29+D30 -> 433600 | F30: =E30/Inputs!B11 -> 0.77084444 | G30: =IF($B30<=Inputs!F12,Inputs!E12+1,Inputs!E12) -> 7031 | H30: =H29+G30 -> 260159 | I30: =H30/Inputs!B12 -> 0.77084148 | J30: =IF($B30<=Inputs!F13,Inputs!E13+1,Inputs!E13) -> 2083 | K30: =K29+J30 -> 77087 | L30: =K30/Inputs!B13 -> 0.77087 | M30: =E30+H30+K30 -> 770846 | N30: =M30/Inputs!B14 -> 0.770846
A31: =EDATE($A$5,26) -> 47217 | B31: 26 | C31: Monthly vesting #26 (of 36) | D31: =IF($B31<=Inputs!F11,Inputs!E11+1,Inputs!E11) -> 11719 | E31: =E30+D31 -> 445319 | F31: =E31/Inputs!B11 -> 0.79167822 | G31: =IF($B31<=Inputs!F12,Inputs!E12+1,Inputs!E12) -> 7031 | H31: =H30+G31 -> 267190 | I31: =H31/Inputs!B12 -> 0.79167407 | J31: =IF($B31<=Inputs!F13,Inputs!E13+1,Inputs!E13) -> 2083 | K31: =K30+J31 -> 79170 | L31: =K31/Inputs!B13 -> 0.7917 | M31: =E31+H31+K31 -> 791679 | N31: =M31/Inputs!B14 -> 0.791679
A32: =EDATE($A$5,27) -> 47247 | B32: 27 | C32: Monthly vesting #27 (of 36) | D32: =IF($B32<=Inputs!F11,Inputs!E11+1,Inputs!E11) -> 11719 | E32: =E31+D32 -> 457038 | F32: =E32/Inputs!B11 -> 0.812512 | G32: =IF($B32<=Inputs!F12,Inputs!E12+1,Inputs!E12) -> 7031 | H32: =H31+G32 -> 274221 | I32: =H32/Inputs!B12 -> 0.81250667 | J32: =IF($B32<=Inputs!F13,Inputs!E13+1,Inputs!E13) -> 2083 | K32: =K31+J32 -> 81253 | L32: =K32/Inputs!B13 -> 0.81253 | M32: =E32+H32+K32 -> 812512 | N32: =M32/Inputs!B14 -> 0.812512
A33: =EDATE($A$5,28) -> 47278 | B33: 28 | C33: Monthly vesting #28 (of 36) | D33: =IF($B33<=Inputs!F11,Inputs!E11+1,Inputs!E11) -> 11718 | E33: =E32+D33 -> 468756 | F33: =E33/Inputs!B11 -> 0.833344 | G33: =IF($B33<=Inputs!F12,Inputs!E12+1,Inputs!E12) -> 7031 | H33: =H32+G33 -> 281252 | I33: =H33/Inputs!B12 -> 0.83333926 | J33: =IF($B33<=Inputs!F13,Inputs!E13+1,Inputs!E13) -> 2083 | K33: =K32+J33 -> 83336 | L33: =K33/Inputs!B13 -> 0.83336 | M33: =E33+H33+K33 -> 833344 | N33: =M33/Inputs!B14 -> 0.833344
A34: =EDATE($A$5,29) -> 47308 | B34: 29 | C34: Monthly vesting #29 (of 36) | D34: =IF($B34<=Inputs!F11,Inputs!E11+1,Inputs!E11) -> 11718 | E34: =E33+D34 -> 480474 | F34: =E34/Inputs!B11 -> 0.854176 | G34: =IF($B34<=Inputs!F12,Inputs!E12+1,Inputs!E12) -> 7031 | H34: =H33+G34 -> 288283 | I34: =H34/Inputs!B12 -> 0.85417185 | J34: =IF($B34<=Inputs!F13,Inputs!E13+1,Inputs!E13) -> 2083 | K34: =K33+J34 -> 85419 | L34: =K34/Inputs!B13 -> 0.85419 | M34: =E34+H34+K34 -> 854176 | N34: =M34/Inputs!B14 -> 0.854176
A35: =EDATE($A$5,30) -> 47339 | B35: 30 | C35: Monthly vesting #30 (of 36) | D35: =IF($B35<=Inputs!F11,Inputs!E11+1,Inputs!E11) -> 11718 | E35: =E34+D35 -> 492192 | F35: =E35/Inputs!B11 -> 0.875008 | G35: =IF($B35<=Inputs!F12,Inputs!E12+1,Inputs!E12) -> 7031 | H35: =H34+G35 -> 295314 | I35: =H35/Inputs!B12 -> 0.87500444 | J35: =IF($B35<=Inputs!F13,Inputs!E13+1,Inputs!E13) -> 2083 | K35: =K34+J35 -> 87502 | L35: =K35/Inputs!B13 -> 0.87502 | M35: =E35+H35+K35 -> 875008 | N35: =M35/Inputs!B14 -> 0.875008
A36: =EDATE($A$5,31) -> 47370 | B36: 31 | C36: Monthly vesting #31 (of 36) | D36: =IF($B36<=Inputs!F11,Inputs!E11+1,Inputs!E11) -> 11718 | E36: =E35+D36 -> 503910 | F36: =E36/Inputs!B11 -> 0.89584 | G36: =IF($B36<=Inputs!F12,Inputs!E12+1,Inputs!E12) -> 7031 | H36: =H35+G36 -> 302345 | I36: =H36/Inputs!B12 -> 0.89583704 | J36: =IF($B36<=Inputs!F13,Inputs!E13+1,Inputs!E13) -> 2083 | K36: =K35+J36 -> 89585 | L36: =K36/Inputs!B13 -> 0.89585 | M36: =E36+H36+K36 -> 895840 | N36: =M36/Inputs!B14 -> 0.89584
A37: =EDATE($A$5,32) -> 47400 | B37: 32 | C37: Monthly vesting #32 (of 36) | D37: =IF($B37<=Inputs!F11,Inputs!E11+1,Inputs!E11) -> 11718 | E37: =E36+D37 -> 515628 | F37: =E37/Inputs!B11 -> 0.916672 | G37: =IF($B37<=Inputs!F12,Inputs!E12+1,Inputs!E12) -> 7031 | H37: =H36+G37 -> 309376 | I37: =H37/Inputs!B12 -> 0.91666963 | J37: =IF($B37<=Inputs!F13,Inputs!E13+1,Inputs!E13) -> 2083 | K37: =K36+J37 -> 91668 | L37: =K37/Inputs!B13 -> 0.91668 | M37: =E37+H37+K37 -> 916672 | N37: =M37/Inputs!B14 -> 0.916672
A38: =EDATE($A$5,33) -> 47431 | B38: 33 | C38: Monthly vesting #33 (of 36) | D38: =IF($B38<=Inputs!F11,Inputs!E11+1,Inputs!E11) -> 11718 | E38: =E37+D38 -> 527346 | F38: =E38/Inputs!B11 -> 0.937504 | G38: =IF($B38<=Inputs!F12,Inputs!E12+1,Inputs!E12) -> 7031 | H38: =H37+G38 -> 316407 | I38: =H38/Inputs!B12 -> 0.93750222 | J38: =IF($B38<=Inputs!F13,Inputs!E13+1,Inputs!E13) -> 2083 | K38: =K37+J38 -> 93751 | L38: =K38/Inputs!B13 -> 0.93751 | M38: =E38+H38+K38 -> 937504 | N38: =M38/Inputs!B14 -> 0.937504
A39: =EDATE($A$5,34) -> 47461 | B39: 34 | C39: Monthly vesting #34 (of 36) | D39: =IF($B39<=Inputs!F11,Inputs!E11+1,Inputs!E11) -> 11718 | E39: =E38+D39 -> 539064 | F39: =E39/Inputs!B11 -> 0.958336 | G39: =IF($B39<=Inputs!F12,Inputs!E12+1,Inputs!E12) -> 7031 | H39: =H38+G39 -> 323438 | I39: =H39/Inputs!B12 -> 0.95833481 | J39: =IF($B39<=Inputs!F13,Inputs!E13+1,Inputs!E13) -> 2083 | K39: =K38+J39 -> 95834 | L39: =K39/Inputs!B13 -> 0.95834 | M39: =E39+H39+K39 -> 958336 | N39: =M39/Inputs!B14 -> 0.958336
A40: =EDATE($A$5,35) -> 47492 | B40: 35 | C40: Monthly vesting #35 (of 36) | D40: =IF($B40<=Inputs!F11,Inputs!E11+1,Inputs!E11) -> 11718 | E40: =E39+D40 -> 550782 | F40: =E40/Inputs!B11 -> 0.979168 | G40: =IF($B40<=Inputs!F12,Inputs!E12+1,Inputs!E12) -> 7031 | H40: =H39+G40 -> 330469 | I40: =H40/Inputs!B12 -> 0.97916741 | J40: =IF($B40<=Inputs!F13,Inputs!E13+1,Inputs!E13) -> 2083 | K40: =K39+J40 -> 97917 | L40: =K40/Inputs!B13 -> 0.97917 | M40: =E40+H40+K40 -> 979168 | N40: =M40/Inputs!B14 -> 0.979168
A41: =EDATE($A$5,36) -> 47523 | B41: 36 | C41: Monthly vesting #36 (of 36) | D41: =IF($B41<=Inputs!F11,Inputs!E11+1,Inputs!E11) -> 11718 | E41: =E40+D41 -> 562500 | F41: =E41/Inputs!B11 -> 1 | G41: =IF($B41<=Inputs!F12,Inputs!E12+1,Inputs!E12) -> 7031 | H41: =H40+G41 -> 337500 | I41: =H41/Inputs!B12 -> 1 | J41: =IF($B41<=Inputs!F13,Inputs!E13+1,Inputs!E13) -> 2083 | K41: =K40+J41 -> 100000 | L41: =K41/Inputs!B13 -> 1 | M41: =E41+H41+K41 -> 1000000 | N41: =M41/Inputs!B14 -> 1
